date,revenue,purchases,unique_streams,unique_customers,total_views,country
2017-11-28,13200.94,154,1291,107,12833,United Kingdom
2017-11-29,13111.91,125,1389,92,13588,United Kingdom
2017-11-30,12885.14,144,1318,110,15217,United Kingdom
2017-12-01,9066.92,100,1221,76,11537,United Kingdom
2017-12-02,1263.28,31,263,25,3101,United Kingdom
2017-12-03,6148.12,87,964,60,8038,United Kingdom
2017-12-04,12133.87,110,1301,78,11153,United Kingdom
2017-12-05,8863.47,157,1151,126,11890,United Kingdom
2017-12-06,10843.59,108,1292,73,10013,United Kingdom
2017-12-07,10549.27,116,1192,92,11481,United Kingdom
2017-12-08,4792.82,117,875,91,7828,United Kingdom
2017-12-09,0.0,0,0,0,0,United Kingdom
2017-12-10,4498.74,71,935,58,7591,United Kingdom
2017-12-11,19032.95,113,1568,76,14781,United Kingdom
2017-12-12,9472.02,119,1000,89,10299,United Kingdom
2017-12-13,15540.97,101,1409,79,13589,United Kingdom
2017-12-14,5895.53,157,1062,113,9298,United Kingdom
2017-12-15,9520.52,71,1011,49,6538,United Kingdom
2017-12-16,0.0,0,0,0,0,United Kingdom
2017-12-17,1781.77,37,418,32,3357,United Kingdom
2017-12-18,2605.82,49,427,30,2454,United Kingdom
2017-12-19,13248.39,202,1136,31,5053,United Kingdom
2017-12-20,1571.04,29,286,13,1076,United Kingdom
2017-12-21,0.0,0,0,0,0,United Kingdom
2017-12-22,0.0,0,0,0,0,United Kingdom
2017-12-23,0.0,0,0,0,0,United Kingdom
2017-12-24,0.0,0,0,0,0,United Kingdom
2017-12-25,0.0,0,0,0,0,United Kingdom
2017-12-26,0.0,0,0,0,0,United Kingdom
2017-12-27,0.0,0,0,0,0,United Kingdom
2017-12-28,0.0,0,0,0,0,United Kingdom
2017-12-29,0.0,0,0,0,0,United Kingdom
2017-12-30,0.0,0,0,0,0,United Kingdom
2017-12-31,0.0,0,0,0,0,United Kingdom
2018-01-01,1901.66,68,520,27,2985,United Kingdom
2018-01-02,3013.22,46,634,31,5578,United Kingdom
2018-01-03,959.61,14,250,13,1981,United Kingdom
2018-01-04,2764.02,78,586,65,6089,United Kingdom
2018-01-05,1869.52,41,380,36,3785,United Kingdom
2018-01-06,0.0,0,0,0,0,United Kingdom
2018-01-07,1940.91,36,475,28,4418,United Kingdom
2018-01-08,12780.96,63,1057,35,7930,United Kingdom
2018-01-09,3479.74,60,730,30,4789,United Kingdom
2018-01-10,7651.79,51,892,33,5017,United Kingdom
2018-01-11,11948.59,83,1022,58,8866,United Kingdom
2018-01-12,1695.9,45,375,34,3700,United Kingdom
2018-01-13,0.0,0,0,0,0,United Kingdom
2018-01-14,3355.52,41,684,35,5607,United Kingdom
2018-01-15,8645.58,48,993,31,5917,United Kingdom
2018-01-16,6972.95,44,990,38,7478,United Kingdom
2018-01-17,4688.67,74,809,57,4959,United Kingdom
2018-01-18,3379.82,85,712,50,5810,United Kingdom
2018-01-19,5194.94,66,766,34,5551,United Kingdom
2018-01-20,0.0,0,0,0,0,United Kingdom
2018-01-21,3815.53,51,685,47,5503,United Kingdom
2018-01-22,6720.26,69,905,42,7318,United Kingdom
2018-01-23,12272.61,124,783,71,5795,United Kingdom
2018-01-24,6059.36,82,835,54,6857,United Kingdom
2018-01-25,3539.02,78,724,52,7267,United Kingdom
2018-01-26,23924.09,81,717,50,6164,United Kingdom
2018-01-27,0.0,0,0,0,0,United Kingdom
2018-01-28,3388.54,53,723,44,6097,United Kingdom
2018-01-29,5252.15,71,795,45,5167,United Kingdom
2018-01-30,2876.71,53,670,38,5909,United Kingdom
2018-01-31,5643.1,143,899,40,6260,United Kingdom
2018-02-01,4519.5,139,878,49,7851,United Kingdom
2018-02-02,4157.76,145,686,51,5323,United Kingdom
2018-02-03,0.0,0,0,0,0,United Kingdom
2018-02-04,2015.84,31,517,25,2737,United Kingdom
2018-02-05,4623.85,64,738,43,5231,United Kingdom
2018-02-06,2798.6,47,543,41,4416,United Kingdom
2018-02-07,3957.96,35,617,23,2742,United Kingdom
2018-02-08,2462.27,92,504,41,3948,United Kingdom
2018-02-09,2783.86,70,583,28,3561,United Kingdom
2018-02-10,0.0,0,0,0,0,United Kingdom
2018-02-11,3345.58,49,698,39,6071,United Kingdom
2018-02-12,2035.62,46,459,31,5429,United Kingdom
2018-02-13,7798.6,105,1073,54,8749,United Kingdom
2018-02-14,2931.21,58,618,43,5955,United Kingdom
2018-02-15,3849.88,84,765,74,7570,United Kingdom
2018-02-16,7910.3,64,923,33,5483,United Kingdom
2018-02-17,0.0,0,0,0,0,United Kingdom
2018-02-18,3139.78,58,598,48,3896,United Kingdom
2018-02-19,3486.44,79,668,38,7469,United Kingdom
2018-02-20,3811.35,75,721,38,5852,United Kingdom
2018-02-21,4654.29,113,775,48,5313,United Kingdom
2018-02-22,5075.62,88,861,66,9220,United Kingdom
2018-02-23,7471.39,61,695,30,4616,United Kingdom
2018-02-24,0.0,0,0,0,0,United Kingdom
2018-02-25,3705.83,55,726,47,5226,United Kingdom
2018-02-26,4269.05,93,775,47,6354,United Kingdom
2018-02-27,6228.8,129,927,68,6456,United Kingdom
2018-02-28,5484.32,71,962,51,8831,United Kingdom
2018-03-01,6975.26,95,971,70,10645,United Kingdom
2018-03-02,4539.85,77,705,47,5295,United Kingdom
2018-03-03,0.0,0,0,0,0,United Kingdom
2018-03-04,5728.09,65,1028,47,7266,United Kingdom
2018-03-05,9341.95,100,1036,64,8014,United Kingdom
2018-03-06,6158.53,97,749,56,6250,United Kingdom
2018-03-07,5956.25,77,909,53,7956,United Kingdom
2018-03-08,5297.01,75,855,39,6367,United Kingdom
2018-03-09,3329.63,46,612,27,4333,United Kingdom
2018-03-10,0.0,0,0,0,0,United Kingdom
2018-03-11,1699.52,24,436,21,2594,United Kingdom
2018-03-12,7053.28,73,933,39,5916,United Kingdom
2018-03-13,4943.47,86,808,73,6761,United Kingdom
2018-03-14,4003.32,52,749,39,7107,United Kingdom
2018-03-15,5785.35,91,790,70,8108,United Kingdom
2018-03-16,13790.25,82,715,54,6343,United Kingdom
2018-03-17,0.0,0,0,0,0,United Kingdom
2018-03-18,3793.57,62,791,50,6571,United Kingdom
2018-03-19,6158.02,99,866,67,7521,United Kingdom
2018-03-20,52204.69,76,736,58,6183,United Kingdom
2018-03-21,6777.56,102,804,78,6983,United Kingdom
2018-03-22,18208.92,100,885,65,8509,United Kingdom
2018-03-23,4228.32,74,784,51,5980,United Kingdom
2018-03-24,0.0,0,0,0,0,United Kingdom
2018-03-25,4638.05,60,904,56,9291,United Kingdom
2018-03-26,8563.53,94,1028,43,9467,United Kingdom
2018-03-27,7045.04,103,989,77,9274,United Kingdom
2018-03-28,7770.04,85,954,66,8923,United Kingdom
2018-03-29,6140.51,105,883,67,7751,United Kingdom
2018-03-30,0.0,0,0,0,0,United Kingdom
2018-03-31,0.0,0,0,0,0,United Kingdom
2018-04-01,0.0,0,0,0,0,United Kingdom
2018-04-02,0.0,0,0,0,0,United Kingdom
2018-04-03,3755.59,66,694,47,5506,United Kingdom
2018-04-04,4642.3,63,806,44,6627,United Kingdom
2018-04-05,7102.53,92,1003,69,10712,United Kingdom
2018-04-06,3115.63,52,545,33,4323,United Kingdom
2018-04-07,0.0,0,0,0,0,United Kingdom
2018-04-08,2877.95,41,625,38,5256,United Kingdom
2018-04-09,2617.31,76,550,60,5377,United Kingdom
2018-04-10,3961.63,86,729,65,5890,United Kingdom
2018-04-11,2943.68,58,577,46,6295,United Kingdom
2018-04-12,24147.66,87,648,61,7228,United Kingdom
2018-04-13,2196.25,43,528,34,4581,United Kingdom
2018-04-14,0.0,0,0,0,0,United Kingdom
2018-04-15,4671.05,49,732,40,5778,United Kingdom
2018-04-16,15191.67,79,1222,43,10688,United Kingdom
2018-04-17,13501.78,73,801,54,7253,United Kingdom
2018-04-18,3940.7,72,664,46,5541,United Kingdom
2018-04-19,16615.73,121,768,103,8752,United Kingdom
2018-04-20,5698.14,66,658,43,6392,United Kingdom
2018-04-21,0.0,0,0,0,0,United Kingdom
2018-04-22,4021.96,48,700,42,5595,United Kingdom
2018-04-23,7682.22,113,896,65,7712,United Kingdom
2018-04-24,5399.66,103,835,74,10807,United Kingdom
2018-04-25,5326.17,72,860,58,9937,United Kingdom
2018-04-26,7849.13,97,986,72,9745,United Kingdom
2018-04-27,5906.03,89,707,58,5373,United Kingdom
2018-04-28,0.0,0,0,0,0,United Kingdom
2018-04-29,2433.45,40,505,36,4085,United Kingdom
2018-04-30,0.0,0,0,0,0,United Kingdom
2018-05-01,6550.04,89,756,62,6225,United Kingdom
2018-05-02,6819.39,112,804,78,7210,United Kingdom
2018-05-03,5951.13,111,842,77,7880,United Kingdom
2018-05-04,4034.78,86,800,52,9080,United Kingdom
2018-05-05,0.0,0,0,0,0,United Kingdom
2018-05-06,4393.14,60,832,51,6898,United Kingdom
2018-05-07,7769.04,113,869,81,8149,United Kingdom
2018-05-08,5836.61,174,952,56,9030,United Kingdom
2018-05-09,4247.28,124,768,50,6742,United Kingdom
2018-05-10,5138.29,88,748,63,6673,United Kingdom
2018-05-11,3808.32,101,588,73,4689,United Kingdom
2018-05-12,0.0,0,0,0,0,United Kingdom
2018-05-13,4419.13,45,825,36,5223,United Kingdom
2018-05-14,4757.22,143,823,58,7063,United Kingdom
2018-05-15,5664.21,87,816,61,6505,United Kingdom
2018-05-16,4251.38,76,716,57,5990,United Kingdom
2018-05-17,6221.18,83,824,63,8722,United Kingdom
2018-05-18,5361.67,115,768,46,4458,United Kingdom
2018-05-19,0.0,0,0,0,0,United Kingdom
2018-05-20,4066.49,50,621,38,6362,United Kingdom
2018-05-21,5189.17,92,732,62,8830,United Kingdom
2018-05-22,4705.07,149,781,60,6991,United Kingdom
2018-05-23,7599.98,108,785,66,7451,United Kingdom
2018-05-24,6153.85,98,934,77,11018,United Kingdom
2018-05-25,5468.29,95,734,68,6482,United Kingdom
2018-05-26,0.0,0,0,0,0,United Kingdom
2018-05-27,2337.37,35,567,30,3490,United Kingdom
2018-05-28,0.0,0,0,0,0,United Kingdom
2018-05-29,4071.32,51,753,33,5489,United Kingdom
2018-05-30,3502.44,51,675,37,4182,United Kingdom
2018-05-31,6816.82,103,905,72,7012,United Kingdom
2018-06-01,7299.42,137,872,27,4892,United Kingdom
2018-06-02,0.0,0,0,0,0,United Kingdom
2018-06-03,6764.76,74,966,61,9608,United Kingdom
2018-06-04,8954.32,112,1135,82,11334,United Kingdom
2018-06-05,12330.66,117,1060,64,9060,United Kingdom
2018-06-06,4410.74,91,776,67,8113,United Kingdom
2018-06-07,4264.29,94,588,78,5889,United Kingdom
2018-06-08,14424.21,97,886,65,8786,United Kingdom
2018-06-09,0.0,0,0,0,0,United Kingdom
2018-06-10,4506.11,75,817,58,6925,United Kingdom
2018-06-11,4900.65,69,871,57,6378,United Kingdom
2018-06-12,7137.5,76,829,46,7404,United Kingdom
2018-06-13,5924.24,90,944,71,9718,United Kingdom
2018-06-14,73083.8,94,791,69,7966,United Kingdom
2018-06-15,3857.42,64,576,49,4638,United Kingdom
2018-06-16,0.0,0,0,0,0,United Kingdom
2018-06-17,1479.58,25,322,24,1918,United Kingdom
2018-06-18,5719.77,51,1001,39,8244,United Kingdom
2018-06-19,3678.93,39,621,31,4418,United Kingdom
2018-06-20,3835.27,63,700,49,6070,United Kingdom
2018-06-21,9230.8,109,704,62,5790,United Kingdom
2018-06-22,5363.1,50,771,37,5574,United Kingdom
2018-06-23,0.0,0,0,0,0,United Kingdom
2018-06-24,4090.03,62,757,52,5620,United Kingdom
2018-06-25,5522.65,67,819,58,7833,United Kingdom
2018-06-26,5363.01,76,844,50,8502,United Kingdom
2018-06-27,6313.76,131,879,102,8342,United Kingdom
2018-06-28,5644.25,91,858,75,9809,United Kingdom
2018-06-29,2394.38,48,510,35,4419,United Kingdom
2018-06-30,0.0,0,0,0,0,United Kingdom
2018-07-01,2172.02,22,463,20,2597,United Kingdom
2018-07-02,5885.34,117,734,75,10024,United Kingdom
2018-07-03,4163.88,55,641,44,5330,United Kingdom
2018-07-04,9569.28,92,875,52,7076,United Kingdom
2018-07-05,3917.24,90,759,60,6878,United Kingdom
2018-07-06,3522.07,49,563,29,3619,United Kingdom
2018-07-07,0.0,0,0,0,0,United Kingdom
2018-07-08,2014.57,29,497,24,2507,United Kingdom
2018-07-09,5137.74,63,707,39,5138,United Kingdom
2018-07-10,4308.27,59,691,38,4276,United Kingdom
2018-07-11,4824.88,98,754,77,5522,United Kingdom
2018-07-12,10159.05,98,826,58,8774,United Kingdom
2018-07-13,4064.99,123,727,77,6662,United Kingdom
2018-07-14,0.0,0,0,0,0,United Kingdom
2018-07-15,2775.94,41,562,36,4105,United Kingdom
2018-07-16,4915.15,59,748,52,7703,United Kingdom
2018-07-17,3963.52,61,645,49,6479,United Kingdom
2018-07-18,5531.46,78,718,62,6491,United Kingdom
2018-07-19,7240.01,101,813,62,7274,United Kingdom
2018-07-20,3146.41,50,627,38,5250,United Kingdom
2018-07-21,0.0,0,0,0,0,United Kingdom
2018-07-22,3769.22,52,724,46,6765,United Kingdom
2018-07-23,5576.61,68,787,51,7962,United Kingdom
2018-07-24,3042.94,76,588,55,5596,United Kingdom
2018-07-25,3877.41,82,698,71,7794,United Kingdom
2018-07-26,10995.02,93,899,73,8219,United Kingdom
2018-07-27,2930.56,63,486,46,4239,United Kingdom
2018-07-28,0.0,0,0,0,0,United Kingdom
2018-07-29,2680.6,39,583,30,4075,United Kingdom
2018-07-30,6384.54,70,693,47,6780,United Kingdom
2018-07-31,7907.27,80,841,57,6577,United Kingdom
2018-08-01,6055.96,61,837,52,7286,United Kingdom
2018-08-02,3275.16,69,724,54,7436,United Kingdom
2018-08-03,1793.14,56,393,39,4060,United Kingdom
2018-08-04,0.0,0,0,0,0,United Kingdom
2018-08-05,2412.04,46,566,40,4387,United Kingdom
2018-08-06,2308.16,70,550,43,4944,United Kingdom
2018-08-07,7250.5,52,915,36,5971,United Kingdom
2018-08-08,5352.82,47,629,34,4582,United Kingdom
2018-08-09,8146.17,155,944,79,9517,United Kingdom
2018-08-10,5685.5,100,783,42,7726,United Kingdom
2018-08-11,0.0,0,0,0,0,United Kingdom
2018-08-12,2800.53,59,572,50,5583,United Kingdom
2018-08-13,3436.09,70,628,36,4792,United Kingdom
2018-08-14,2930.61,63,604,53,5958,United Kingdom
2018-08-15,4997.88,59,932,45,7837,United Kingdom
2018-08-16,5054.81,75,746,55,7197,United Kingdom
2018-08-17,3783.76,53,717,42,6231,United Kingdom
2018-08-18,0.0,0,0,0,0,United Kingdom
2018-08-19,3692.96,59,737,49,7736,United Kingdom
2018-08-20,3179.34,56,657,42,6675,United Kingdom
2018-08-21,3464.15,68,677,57,7168,United Kingdom
2018-08-22,5949.01,98,840,66,9232,United Kingdom
2018-08-23,6722.11,93,806,63,8545,United Kingdom
2018-08-24,26367.28,46,611,28,4250,United Kingdom
2018-08-25,0.0,0,0,0,0,United Kingdom
2018-08-26,2277.05,40,484,36,5019,United Kingdom
2018-08-27,0.0,0,0,0,0,United Kingdom
2018-08-28,6188.16,61,867,42,7026,United Kingdom
2018-08-29,3394.43,68,544,58,3565,United Kingdom
2018-08-30,4552.87,84,818,69,8301,United Kingdom
2018-08-31,3805.34,72,638,54,5382,United Kingdom
2018-09-01,0.0,0,0,0,0,United Kingdom
2018-09-02,1964.43,32,473,31,3756,United Kingdom
2018-09-03,5679.21,60,779,36,5587,United Kingdom
2018-09-04,3708.6,50,683,43,5886,United Kingdom
2018-09-05,3280.8,56,645,40,5725,United Kingdom
2018-09-06,6417.63,90,801,62,6740,United Kingdom
2018-09-07,3611.81,47,607,37,5416,United Kingdom
2018-09-08,0.0,0,0,0,0,United Kingdom
2018-09-09,3487.13,47,699,44,5738,United Kingdom
2018-09-10,7571.23,102,976,63,8942,United Kingdom
2018-09-11,3652.93,57,728,49,6608,United Kingdom
2018-09-12,3658.75,83,745,51,6860,United Kingdom
2018-09-13,30306.98,109,825,63,7739,United Kingdom
2018-09-14,4241.68,76,669,56,5578,United Kingdom
2018-09-15,0.0,0,0,0,0,United Kingdom
2018-09-16,4897.92,59,976,53,8857,United Kingdom
2018-09-17,8357.1,88,917,55,9015,United Kingdom
2018-09-18,6838.65,130,978,96,14748,United Kingdom
2018-09-19,5354.5,96,663,36,8122,United Kingdom
2018-09-20,5518.34,95,933,70,12392,United Kingdom
2018-09-21,9114.94,80,758,45,7617,United Kingdom
2018-09-22,0.0,0,0,0,0,United Kingdom
2018-09-23,4126.78,74,755,57,8298,United Kingdom
2018-09-24,38866.13,97,983,67,13201,United Kingdom
2018-09-25,9898.13,163,1166,114,14624,United Kingdom
2018-09-26,6000.64,121,964,82,12230,United Kingdom
2018-09-27,13935.96,107,916,78,11731,United Kingdom
2018-09-28,6467.66,74,875,55,8108,United Kingdom
2018-09-29,0.0,0,0,0,0,United Kingdom
2018-09-30,6264.55,81,896,64,9655,United Kingdom
2018-10-01,6826.24,90,969,72,12195,United Kingdom
2018-10-02,62389.42,194,1148,132,17336,United Kingdom
2018-10-03,3789.14,67,688,58,8855,United Kingdom
2018-10-04,13648.94,153,1316,109,16804,United Kingdom
2018-10-05,6856.42,89,984,66,10790,United Kingdom
2018-10-06,0.0,0,0,0,0,United Kingdom
2018-10-07,4965.84,67,845,55,7920,United Kingdom
2018-10-08,6904.98,116,1084,84,12115,United Kingdom
2018-10-09,7795.75,135,1117,106,13684,United Kingdom
2018-10-10,14529.43,90,961,73,10250,United Kingdom
2018-10-11,6067.71,109,935,82,11612,United Kingdom
2018-10-12,28317.05,129,1038,77,11718,United Kingdom
2018-10-13,0.0,0,0,0,0,United Kingdom
2018-10-14,7144.36,79,1117,63,12273,United Kingdom
2018-10-15,10513.52,168,1214,107,11632,United Kingdom
2018-10-16,8163.79,87,1059,66,10621,United Kingdom
2018-10-17,9075.44,112,1077,85,12641,United Kingdom
2018-10-18,7054.32,102,1007,79,9918,United Kingdom
2018-10-19,8934.32,128,1084,84,9139,United Kingdom
2018-10-20,0.0,0,0,0,0,United Kingdom
2018-10-21,6541.68,82,1008,71,10484,United Kingdom
2018-10-22,5507.96,98,989,71,9105,United Kingdom
2018-10-23,6769.55,116,1045,95,11470,United Kingdom
2018-10-24,5226.44,70,860,58,7381,United Kingdom
2018-10-25,6386.01,103,855,58,6666,United Kingdom
2018-10-26,6354.68,84,929,60,10204,United Kingdom
2018-10-27,0.0,0,0,0,0,United Kingdom
2018-10-28,7117.22,85,1130,76,11292,United Kingdom
2018-10-29,9236.29,101,1131,51,9010,United Kingdom
2018-10-30,7495.21,165,1067,95,11461,United Kingdom
2018-10-31,6447.26,132,1002,80,8773,United Kingdom
2018-11-01,13004.3,207,1385,127,17904,United Kingdom
2018-11-02,6178.0,124,968,56,7686,United Kingdom
2018-11-03,0.0,0,0,0,0,United Kingdom
2018-11-04,7150.2,86,1086,71,12983,United Kingdom
2018-11-05,22703.78,112,1205,69,11830,United Kingdom
2018-11-06,11110.27,140,1068,100,14567,United Kingdom
2018-11-07,11695.84,141,1440,103,14998,United Kingdom
2018-11-08,12021.83,185,1266,131,15651,United Kingdom
2018-11-09,11659.56,105,1236,75,11315,United Kingdom
2018-11-10,0.0,0,0,0,0,United Kingdom
2018-11-11,7822.27,91,1211,74,10428,United Kingdom
2018-11-12,12879.15,122,1351,80,13872,United Kingdom
2018-11-13,9758.69,137,1297,118,14812,United Kingdom
2018-11-14,10549.22,124,1264,95,13765,United Kingdom
2018-11-15,10255.12,110,1194,91,12793,United Kingdom
2018-11-16,8076.43,128,1072,100,10601,United Kingdom
2018-11-17,0.0,0,0,0,0,United Kingdom
2018-11-18,8051.38,92,1255,82,13041,United Kingdom
2018-11-19,11835.21,96,1283,76,11938,United Kingdom
2018-11-20,12960.08,160,1353,110,16437,United Kingdom
2018-11-21,13322.54,181,1324,138,14611,United Kingdom
2018-11-22,11371.32,177,1237,145,18242,United Kingdom
2018-11-23,8818.06,86,1087,60,10067,United Kingdom
2018-11-24,0.0,0,0,0,0,United Kingdom
2018-11-25,7283.93,101,1109,80,9122,United Kingdom
2018-11-26,15317.02,112,1480,81,15483,United Kingdom
2018-11-27,7069.06,157,927,131,13241,United Kingdom
2018-11-28,12793.36,135,1326,91,15239,United Kingdom
2018-11-29,7285.03,163,933,113,16681,United Kingdom
2018-11-30,10742.52,94,1111,42,9963,United Kingdom
2018-12-01,0.0,0,0,0,0,United Kingdom
2018-12-02,7204.37,86,1088,70,10397,United Kingdom
2018-12-03,17834.16,126,1473,85,16923,United Kingdom
2018-12-04,125509.69,107,1276,66,13437,United Kingdom
2018-12-05,10367.58,141,1202,105,15303,United Kingdom
2018-12-06,14184.88,167,1248,107,13059,United Kingdom
2018-12-07,12233.93,86,1243,50,10524,United Kingdom
2018-12-08,0.0,0,0,0,0,United Kingdom
2018-12-09,3688.29,50,767,41,4986,United Kingdom
2018-12-10,12225.19,80,1166,59,10524,United Kingdom
2018-12-11,7957.01,138,993,100,10742,United Kingdom
2018-12-12,4631.76,94,728,82,8348,United Kingdom
2018-12-13,5767.79,143,923,113,12092,United Kingdom
2018-12-14,16813.75,52,1308,35,7581,United Kingdom
2018-12-15,0.0,0,0,0,0,United Kingdom
2018-12-16,1376.86,23,361,15,2107,United Kingdom
2018-12-17,7542.67,87,906,52,6081,United Kingdom
2018-12-18,11836.75,60,780,26,4303,United Kingdom
2018-12-19,1908.67,20,212,15,1283,United Kingdom
2018-12-20,3568.7,33,733,19,3373,United Kingdom
2018-12-21,0.0,0,0,0,0,United Kingdom
2018-12-22,0.0,0,0,0,0,United Kingdom
2018-12-23,0.0,0,0,0,0,United Kingdom
2018-12-24,0.0,0,0,0,0,United Kingdom
2018-12-25,0.0,0,0,0,0,United Kingdom
2018-12-26,0.0,0,0,0,0,United Kingdom
2018-12-27,0.0,0,0,0,0,United Kingdom
2018-12-28,0.0,0,0,0,0,United Kingdom
2018-12-29,0.0,0,0,0,0,United Kingdom
2018-12-30,0.0,0,0,0,0,United Kingdom
2018-12-31,0.0,0,0,0,0,United Kingdom
2019-01-01,4208.17,55,828,37,5463,United Kingdom
2019-01-02,38777.14,65,974,46,7721,United Kingdom
2019-01-03,6460.03,69,985,58,9297,United Kingdom
2019-01-04,4793.46,51,902,42,7343,United Kingdom
2019-01-05,0.0,0,0,0,0,United Kingdom
2019-01-06,3148.53,47,613,44,5183,United Kingdom
2019-01-07,7119.42,53,1038,29,7730,United Kingdom
2019-01-08,4879.01,76,928,53,7023,United Kingdom
2019-01-09,6922.64,54,1040,41,6703,United Kingdom
2019-01-10,5409.52,49,918,45,6155,United Kingdom
2019-01-11,5893.52,47,828,38,5760,United Kingdom
2019-01-12,0.0,0,0,0,0,United Kingdom
2019-01-13,1716.8,29,424,22,2465,United Kingdom
2019-01-14,9255.47,50,1157,43,9255,United Kingdom
2019-01-15,6118.65,47,857,30,4224,United Kingdom
2019-01-16,4116.79,35,875,27,5302,United Kingdom
2019-01-17,7773.77,47,923,30,5790,United Kingdom
2019-01-18,6386.24,59,945,46,6293,United Kingdom
2019-01-19,0.0,0,0,0,0,United Kingdom
2019-01-20,2500.36,29,565,26,3474,United Kingdom
2019-01-21,5821.14,53,765,39,5609,United Kingdom
2019-01-22,5942.99,76,841,61,7673,United Kingdom
2019-01-23,4622.12,65,692,51,4962,United Kingdom
2019-01-24,4632.49,77,795,53,7147,United Kingdom
2019-01-25,3460.14,93,598,37,4717,United Kingdom
2019-01-26,0.0,0,0,0,0,United Kingdom
2019-01-27,2283.88,25,488,22,2910,United Kingdom
2019-01-28,5479.62,76,769,55,5703,United Kingdom
2019-01-29,5005.34,77,819,56,7279,United Kingdom
2019-01-30,5693.39,67,783,54,6186,United Kingdom
2019-01-31,3142.72,45,540,40,4795,United Kingdom
2019-02-01,5735.95,68,677,36,5181,United Kingdom
2019-02-02,0.0,0,0,0,0,United Kingdom
2019-02-03,789.21,11,220,11,1197,United Kingdom
2019-02-04,4358.73,46,764,34,5199,United Kingdom
2019-02-05,5383.24,50,742,35,4993,United Kingdom
2019-02-06,3975.81,26,533,17,2851,United Kingdom
2019-02-07,3326.32,63,515,55,4311,United Kingdom
2019-02-08,5270.32,90,624,65,4439,United Kingdom
2019-02-09,0.0,0,0,0,0,United Kingdom
2019-02-10,1827.71,24,430,21,2121,United Kingdom
2019-02-11,3760.01,47,642,40,4304,United Kingdom
2019-02-12,6727.91,64,728,43,5853,United Kingdom
2019-02-13,3525.61,63,627,51,6632,United Kingdom
2019-02-14,7360.66,66,847,44,7676,United Kingdom
2019-02-15,2776.93,59,552,42,4376,United Kingdom
2019-02-16,0.0,0,0,0,0,United Kingdom
2019-02-17,2625.97,29,595,26,3337,United Kingdom
2019-02-18,15936.92,45,715,32,4942,United Kingdom
2019-02-19,5482.49,61,890,49,8091,United Kingdom
2019-02-20,6998.8,64,849,50,7487,United Kingdom
2019-02-21,4784.98,62,758,53,7472,United Kingdom
2019-02-22,3223.49,46,575,39,6669,United Kingdom
2019-02-23,0.0,0,0,0,0,United Kingdom
2019-02-24,2292.31,33,555,29,3469,United Kingdom
2019-02-25,7528.56,53,905,41,6357,United Kingdom
2019-02-26,4274.25,55,681,45,5380,United Kingdom
2019-02-27,3293.95,64,534,56,5729,United Kingdom
2019-02-28,5004.29,75,749,55,5884,United Kingdom
2019-03-01,2650.44,48,669,31,5172,United Kingdom
2019-03-02,0.0,0,0,0,0,United Kingdom
2019-03-03,2818.54,35,520,28,3363,United Kingdom
2019-03-04,10411.23,98,1040,67,7524,United Kingdom
2019-03-05,4985.97,56,858,38,7858,United Kingdom
2019-03-06,4386.36,75,743,47,6163,United Kingdom
2019-03-07,3126.54,81,590,64,5513,United Kingdom
2019-03-08,3439.14,59,573,43,5151,United Kingdom
2019-03-09,0.0,0,0,0,0,United Kingdom
2019-03-10,1298.61,16,411,15,1838,United Kingdom
2019-03-11,3046.37,51,604,41,4750,United Kingdom
2019-03-12,5462.33,57,671,39,5630,United Kingdom
2019-03-13,2656.97,54,546,44,5221,United Kingdom
2019-03-14,8006.4,80,1029,66,7858,United Kingdom
2019-03-15,16540.38,70,743,46,6224,United Kingdom
2019-03-16,0.0,0,0,0,0,United Kingdom
2019-03-17,4683.77,58,838,51,7162,United Kingdom
2019-03-18,2727.31,64,617,54,6486,United Kingdom
2019-03-19,9715.38,75,1129,36,8418,United Kingdom
2019-03-20,4343.36,80,748,51,6176,United Kingdom
2019-03-21,3997.78,85,757,61,8051,United Kingdom
2019-03-22,4854.42,57,756,41,5087,United Kingdom
2019-03-23,0.0,0,0,0,0,United Kingdom
2019-03-24,2079.23,43,506,40,3098,United Kingdom
2019-03-25,9027.83,74,847,45,6566,United Kingdom
2019-03-26,8698.99,92,964,50,9835,United Kingdom
2019-03-27,4801.09,113,871,70,8641,United Kingdom
2019-03-28,8669.01,87,867,65,7914,United Kingdom
2019-03-29,3944.65,99,715,61,6671,United Kingdom
2019-03-30,0.0,0,0,0,0,United Kingdom
2019-03-31,1743.44,22,526,18,2702,United Kingdom
2019-04-01,6153.14,69,894,49,7409,United Kingdom
2019-04-02,3563.16,86,702,46,5679,United Kingdom
2019-04-03,3583.35,87,717,40,5301,United Kingdom
2019-04-04,4192.59,72,785,57,5799,United Kingdom
2019-04-05,8535.55,129,830,65,7476,United Kingdom
2019-04-06,0.0,0,0,0,0,United Kingdom
2019-04-07,3003.35,36,617,31,3777,United Kingdom
2019-04-08,3055.15,65,712,52,7448,United Kingdom
2019-04-09,3512.6,78,632,62,7867,United Kingdom
2019-04-10,2730.21,76,638,61,6885,United Kingdom
2019-04-11,4727.24,99,723,82,9679,United Kingdom
2019-04-12,8303.27,52,693,35,6327,United Kingdom
2019-04-13,0.0,0,0,0,0,United Kingdom
2019-04-14,2443.38,41,595,36,5033,United Kingdom
2019-04-15,11797.29,91,1277,63,10354,United Kingdom
2019-04-16,6582.83,68,949,57,8030,United Kingdom
2019-04-17,3095.77,84,591,64,7402,United Kingdom
2019-04-18,8763.58,105,932,62,8436,United Kingdom
2019-04-19,0.0,0,0,0,0,United Kingdom
2019-04-20,0.0,0,0,0,0,United Kingdom
2019-04-21,0.0,0,0,0,0,United Kingdom
2019-04-22,0.0,0,0,0,0,United Kingdom
2019-04-23,8160.75,80,907,56,8899,United Kingdom
2019-04-24,4033.2,88,778,60,7326,United Kingdom
2019-04-25,4436.18,95,716,54,7144,United Kingdom
2019-04-26,0.0,0,0,0,0,United Kingdom
2019-04-27,0.0,0,0,0,0,United Kingdom
2019-04-28,1211.44,20,339,17,2231,United Kingdom
2019-04-29,0.0,0,0,0,0,United Kingdom
2019-04-30,28080.86,115,763,55,6452,United Kingdom
2019-05-01,3372.04,70,673,56,6979,United Kingdom
2019-05-02,5734.04,102,871,86,8445,United Kingdom
2019-05-03,6949.26,107,1020,63,10091,United Kingdom
2019-05-04,0.0,0,0,0,0,United Kingdom
2019-05-05,3904.46,64,690,56,6501,United Kingdom
2019-05-06,8436.4,77,849,56,8619,United Kingdom
2019-05-07,14969.62,108,896,69,10116,United Kingdom
2019-05-08,5416.23,89,803,59,9113,United Kingdom
2019-05-09,5785.38,90,858,74,8709,United Kingdom
2019-05-10,4400.69,70,703,47,7076,United Kingdom
2019-05-11,0.0,0,0,0,0,United Kingdom
2019-05-12,2095.52,29,562,27,3297,United Kingdom
2019-05-13,20236.7,80,751,48,8094,United Kingdom
2019-05-14,8785.71,111,863,74,8889,United Kingdom
2019-05-15,4803.47,83,699,60,8016,United Kingdom
2019-05-16,6691.48,110,821,85,9914,United Kingdom
2019-05-17,3587.61,84,601,65,7634,United Kingdom
2019-05-18,0.0,0,0,0,0,United Kingdom
2019-05-19,4077.06,58,815,53,8242,United Kingdom
2019-05-20,5632.81,102,787,63,6882,United Kingdom
2019-05-21,7169.41,97,925,72,8305,United Kingdom
2019-05-22,4038.32,84,666,53,6286,United Kingdom
2019-05-23,3699.77,65,507,50,4766,United Kingdom
2019-05-24,4853.74,82,630,60,5976,United Kingdom
2019-05-25,0.0,0,0,0,0,United Kingdom
2019-05-26,1558.15,24,425,19,2368,United Kingdom
2019-05-27,0.0,0,0,0,0,United Kingdom
2019-05-28,4414.74,52,680,43,5306,United Kingdom
2019-05-29,5588.87,57,808,49,4936,United Kingdom
2019-05-30,6588.99,80,805,48,7012,United Kingdom
2019-05-31,2891.24,47,529,35,4193,United Kingdom
2019-06-01,0.0,0,0,0,0,United Kingdom
2019-06-02,3959.19,62,669,54,7114,United Kingdom
2019-06-03,4116.74,66,685,59,6136,United Kingdom
2019-06-04,6439.78,93,981,78,9253,United Kingdom
2019-06-05,10088.74,102,962,67,10130,United Kingdom
2019-06-06,6646.22,96,913,75,8952,United Kingdom
2019-06-07,44136.56,88,643,47,4990,United Kingdom
2019-06-08,0.0,0,0,0,0,United Kingdom
2019-06-09,2933.86,38,641,36,4492,United Kingdom
2019-06-10,5084.79,79,777,64,5923,United Kingdom
2019-06-11,6423.2,65,879,44,7079,United Kingdom
2019-06-12,6692.34,80,833,42,6073,United Kingdom
2019-06-13,4803.58,99,818,75,8596,United Kingdom
2019-06-14,2334.4,56,501,33,4937,United Kingdom
2019-06-15,0.0,0,0,0,0,United Kingdom
2019-06-16,3080.94,57,686,51,5864,United Kingdom
2019-06-17,7725.99,88,913,54,6703,United Kingdom
2019-06-18,5821.33,78,786,58,6021,United Kingdom
2019-06-19,2451.59,59,603,49,5942,United Kingdom
2019-06-20,5934.41,81,942,68,9444,United Kingdom
2019-06-21,13706.03,54,602,40,5207,United Kingdom
2019-06-22,0.0,0,0,0,0,United Kingdom
2019-06-23,2431.59,33,534,27,2397,United Kingdom
2019-06-24,4441.64,58,708,40,4715,United Kingdom
2019-06-25,4970.18,80,611,46,5442,United Kingdom
2019-06-26,4610.15,62,965,40,5701,United Kingdom
2019-06-27,5105.97,72,897,52,8220,United Kingdom
2019-06-28,3061.1,62,565,33,4653,United Kingdom
2019-06-29,0.0,0,0,0,0,United Kingdom
2019-06-30,1741.25,27,423,24,2508,United Kingdom
2019-07-01,8108.0,55,1078,35,7884,United Kingdom
2019-07-02,9081.19,84,1137,63,9664,United Kingdom
2019-07-03,4805.97,72,975,60,8071,United Kingdom
2019-07-04,6219.11,83,1036,71,9766,United Kingdom
2019-07-05,6785.45,85,822,45,6370,United Kingdom
2019-07-06,0.0,0,0,0,0,United Kingdom
2019-07-07,1955.75,29,604,20,2813,United Kingdom
2019-07-08,3811.51,62,858,44,6847,United Kingdom
2019-07-09,6178.46,58,934,46,6337,United Kingdom
2019-07-10,15511.53,58,907,46,7004,United Kingdom
2019-07-11,4748.01,81,892,61,7552,United Kingdom
2019-07-12,3923.44,57,822,36,4386,United Kingdom
2019-07-13,0.0,0,0,0,0,United Kingdom
2019-07-14,3125.35,50,732,43,5968,United Kingdom
2019-07-15,26932.02,102,1116,52,8054,United Kingdom
2019-07-16,3867.03,71,715,59,8583,United Kingdom
2019-07-17,10657.74,70,1035,46,8761,United Kingdom
2019-07-18,6114.17,99,847,69,9468,United Kingdom
2019-07-19,3861.43,56,863,40,6100,United Kingdom
2019-07-20,0.0,0,0,0,0,United Kingdom
2019-07-21,2959.63,59,629,51,6325,United Kingdom
2019-07-22,7393.09,63,983,47,7980,United Kingdom
2019-07-23,3886.92,81,768,51,7342,United Kingdom
2019-07-24,3471.39,80,724,35,6016,United Kingdom
2019-07-25,3962.25,115,767,83,8745,United Kingdom
2019-07-26,3375.51,67,652,57,6909,United Kingdom
2019-07-27,0.0,0,0,0,0,United Kingdom
2019-07-28,2635.97,38,721,32,5195,United Kingdom
2019-07-29,4116.93,49,735,36,6308,United Kingdom
2019-07-30,15255.07,52,699,44,5492,United Kingdom
2019-07-31,4806.56,79,858,65,9165,United Kingdom
2017-11-28,375.99,3,83,2,545,EIRE
2017-11-29,0.0,0,0,0,0,EIRE
2017-11-30,194.22,1,33,1,192,EIRE
2017-12-01,0.0,0,0,0,0,EIRE
2017-12-02,0.0,0,0,0,0,EIRE
2017-12-03,0.0,0,0,0,0,EIRE
2017-12-04,484.65,4,61,2,403,EIRE
2017-12-05,97.35,5,30,2,255,EIRE
2017-12-06,0.0,0,0,0,0,EIRE
2017-12-07,133.31,1,19,1,104,EIRE
2017-12-08,20.9,2,2,2,7,EIRE
2017-12-09,0.0,0,0,0,0,EIRE
2017-12-10,96.24,1,14,0,126,EIRE
2017-12-11,17.7,1,5,1,7,EIRE
2017-12-12,435.58,2,89,2,733,EIRE
2017-12-13,153.41,1,49,1,359,EIRE
2017-12-14,1606.5,2,1,1,1,EIRE
2017-12-15,733.6,5,134,2,1132,EIRE
2017-12-16,0.0,0,0,0,0,EIRE
2017-12-17,5.95,1,1,1,0,EIRE
2017-12-18,77.69,1,35,1,408,EIRE
2017-12-19,0.0,0,0,0,0,EIRE
2017-12-20,0.0,0,0,0,0,EIRE
2017-12-21,0.0,0,0,0,0,EIRE
2017-12-22,0.0,0,0,0,0,EIRE
2017-12-23,0.0,0,0,0,0,EIRE
2017-12-24,0.0,0,0,0,0,EIRE
2017-12-25,0.0,0,0,0,0,EIRE
2017-12-26,0.0,0,0,0,0,EIRE
2017-12-27,0.0,0,0,0,0,EIRE
2017-12-28,0.0,0,0,0,0,EIRE
2017-12-29,0.0,0,0,0,0,EIRE
2017-12-30,0.0,0,0,0,0,EIRE
2017-12-31,0.0,0,0,0,0,EIRE
2018-01-01,14.0,1,2,1,4,EIRE
2018-01-02,0.0,0,0,0,0,EIRE
2018-01-03,0.0,0,0,0,0,EIRE
2018-01-04,466.55,5,158,2,1826,EIRE
2018-01-05,2463.67,4,31,2,260,EIRE
2018-01-06,0.0,0,0,0,0,EIRE
2018-01-07,0.0,0,0,0,0,EIRE
2018-01-08,10.95,1,1,1,8,EIRE
2018-01-09,0.0,0,0,0,0,EIRE
2018-01-10,1874.42,3,1,2,9,EIRE
2018-01-11,0.0,0,0,0,0,EIRE
2018-01-12,0.0,0,0,0,0,EIRE
2018-01-13,0.0,0,0,0,0,EIRE
2018-01-14,0.0,0,0,0,0,EIRE
2018-01-15,0.0,0,0,0,0,EIRE
2018-01-16,209.52,1,49,1,320,EIRE
2018-01-17,2277.02,5,6,2,41,EIRE
2018-01-18,247.63,1,74,1,759,EIRE
2018-01-19,3644.49,6,118,2,930,EIRE
2018-01-20,0.0,0,0,0,0,EIRE
2018-01-21,0.0,0,0,0,0,EIRE
2018-01-22,146.12,1,23,1,172,EIRE
2018-01-23,1682.47,14,1,4,13,EIRE
2018-01-24,0.0,0,0,0,0,EIRE
2018-01-25,182.52,1,62,1,524,EIRE
2018-01-26,0.0,0,0,0,0,EIRE
2018-01-27,0.0,0,0,0,0,EIRE
2018-01-28,60.8,1,24,1,254,EIRE
2018-01-29,0.0,0,0,0,0,EIRE
2018-01-30,1545.58,5,100,2,999,EIRE
2018-01-31,0.0,0,0,0,0,EIRE
2018-02-01,0.0,0,0,0,0,EIRE
2018-02-02,0.0,0,0,0,0,EIRE
2018-02-03,0.0,0,0,0,0,EIRE
2018-02-04,65.28,1,34,1,436,EIRE
2018-02-05,865.3,3,22,1,132,EIRE
2018-02-06,0.0,0,0,0,0,EIRE
2018-02-07,0.0,0,0,0,0,EIRE
2018-02-08,0.0,0,0,0,0,EIRE
2018-02-09,0.0,0,0,0,0,EIRE
2018-02-10,0.0,0,0,0,0,EIRE
2018-02-11,89.69,1,22,1,215,EIRE
2018-02-12,28.77,2,10,1,40,EIRE
2018-02-13,138.18,2,53,1,241,EIRE
2018-02-14,386.05,3,99,2,909,EIRE
2018-02-15,11.55,2,2,1,5,EIRE
2018-02-16,0.0,0,0,0,0,EIRE
2018-02-17,0.0,0,0,0,0,EIRE
2018-02-18,178.85,1,39,1,295,EIRE
2018-02-19,61.19,1,11,1,132,EIRE
2018-02-20,0.0,0,0,0,0,EIRE
2018-02-21,427.77,4,113,1,907,EIRE
2018-02-22,0.0,0,0,0,0,EIRE
2018-02-23,0.0,0,0,0,0,EIRE
2018-02-24,0.0,0,0,0,0,EIRE
2018-02-25,0.0,0,0,0,0,EIRE
2018-02-26,0.0,0,0,0,0,EIRE
2018-02-27,0.0,0,0,0,0,EIRE
2018-02-28,271.16,5,96,2,1088,EIRE
2018-03-01,297.84,2,62,2,530,EIRE
2018-03-02,11.13,2,17,1,179,EIRE
2018-03-03,0.0,0,0,0,0,EIRE
2018-03-04,0.0,0,0,0,0,EIRE
2018-03-05,0.0,0,0,0,0,EIRE
2018-03-06,69.25,2,6,2,14,EIRE
2018-03-07,189.01,2,36,1,202,EIRE
2018-03-08,0.0,0,0,0,0,EIRE
2018-03-09,174.56,1,36,1,316,EIRE
2018-03-10,0.0,0,0,0,0,EIRE
2018-03-11,0.0,0,0,0,0,EIRE
2018-03-12,281.17,2,70,1,495,EIRE
2018-03-13,3.75,1,1,1,4,EIRE
2018-03-14,113.53,1,19,1,112,EIRE
2018-03-15,215.44,2,42,1,328,EIRE
2018-03-16,260.51,1,58,1,415,EIRE
2018-03-17,0.0,0,0,0,0,EIRE
2018-03-18,0.0,0,0,0,0,EIRE
2018-03-19,90.57,1,33,1,315,EIRE
2018-03-20,107.75,1,16,1,100,EIRE
2018-03-21,1972.28,9,27,2,122,EIRE
2018-03-22,369.53,2,81,2,543,EIRE
2018-03-23,164.95,1,31,1,222,EIRE
2018-03-24,0.0,0,0,0,0,EIRE
2018-03-25,0.0,0,0,0,0,EIRE
2018-03-26,0.0,0,0,0,0,EIRE
2018-03-27,365.57,3,81,3,559,EIRE
2018-03-28,0.0,0,0,0,0,EIRE
2018-03-29,0.0,0,0,0,0,EIRE
2018-03-30,0.0,0,0,0,0,EIRE
2018-03-31,0.0,0,0,0,0,EIRE
2018-04-01,0.0,0,0,0,0,EIRE
2018-04-02,0.0,0,0,0,0,EIRE
2018-04-03,0.0,0,0,0,0,EIRE
2018-04-04,74.54,1,15,1,122,EIRE
2018-04-05,0.0,0,0,0,0,EIRE
2018-04-06,0.0,0,0,0,0,EIRE
2018-04-07,0.0,0,0,0,0,EIRE
2018-04-08,0.0,0,0,0,0,EIRE
2018-04-09,153.24,3,51,1,521,EIRE
2018-04-10,98.62,3,42,1,516,EIRE
2018-04-11,130.96,1,53,1,526,EIRE
2018-04-12,0.0,0,0,0,0,EIRE
2018-04-13,0.0,0,0,0,0,EIRE
2018-04-14,0.0,0,0,0,0,EIRE
2018-04-15,0.0,0,0,0,0,EIRE
2018-04-16,384.05,3,94,2,906,EIRE
2018-04-17,154.41,1,36,1,288,EIRE
2018-04-18,0.0,0,0,0,0,EIRE
2018-04-19,245.88,3,61,2,553,EIRE
2018-04-20,0.0,0,0,0,0,EIRE
2018-04-21,0.0,0,0,0,0,EIRE
2018-04-22,197.45,1,40,1,250,EIRE
2018-04-23,1057.49,4,99,1,909,EIRE
2018-04-24,12.75,1,1,1,2,EIRE
2018-04-25,0.0,0,0,0,0,EIRE
2018-04-26,321.03,2,78,1,620,EIRE
2018-04-27,98.06,2,45,1,367,EIRE
2018-04-28,0.0,0,0,0,0,EIRE
2018-04-29,111.37,1,42,1,385,EIRE
2018-04-30,0.0,0,0,0,0,EIRE
2018-05-01,685.34,5,67,1,560,EIRE
2018-05-02,0.0,0,0,0,0,EIRE
2018-05-03,654.12,2,182,2,1353,EIRE
2018-05-04,0.0,0,0,0,0,EIRE
2018-05-05,0.0,0,0,0,0,EIRE
2018-05-06,625.09,3,160,1,1530,EIRE
2018-05-07,315.76,2,53,1,356,EIRE
2018-05-08,173.23,1,55,1,434,EIRE
2018-05-09,0.0,0,0,0,0,EIRE
2018-05-10,79.69,1,24,1,281,EIRE
2018-05-11,10.15,1,2,1,4,EIRE
2018-05-12,0.0,0,0,0,0,EIRE
2018-05-13,0.0,0,0,0,0,EIRE
2018-05-14,191.9,1,56,1,415,EIRE
2018-05-15,0.0,0,0,0,0,EIRE
2018-05-16,8.44,1,2,1,2,EIRE
2018-05-17,226.85,2,27,2,180,EIRE
2018-05-18,134.95,1,24,1,202,EIRE
2018-05-19,0.0,0,0,0,0,EIRE
2018-05-20,0.0,0,0,0,0,EIRE
2018-05-21,138.22,1,30,1,243,EIRE
2018-05-22,5.55,1,1,1,2,EIRE
2018-05-23,266.06,1,69,1,509,EIRE
2018-05-24,0.0,0,0,0,0,EIRE
2018-05-25,0.0,0,0,0,0,EIRE
2018-05-26,0.0,0,0,0,0,EIRE
2018-05-27,0.0,0,0,0,0,EIRE
2018-05-28,0.0,0,0,0,0,EIRE
2018-05-29,0.0,0,0,0,0,EIRE
2018-05-30,0.0,0,0,0,0,EIRE
2018-05-31,229.23,3,67,2,724,EIRE
2018-06-01,0.0,0,0,0,0,EIRE
2018-06-02,0.0,0,0,0,0,EIRE
2018-06-03,0.0,0,0,0,0,EIRE
2018-06-04,0.0,0,0,0,0,EIRE
2018-06-05,0.0,0,0,0,0,EIRE
2018-06-06,0.0,0,0,0,0,EIRE
2018-06-07,3.9,1,2,1,7,EIRE
2018-06-08,316.89,2,66,1,563,EIRE
2018-06-09,0.0,0,0,0,0,EIRE
2018-06-10,0.0,0,0,0,0,EIRE
2018-06-11,651.08,3,136,1,1156,EIRE
2018-06-12,126.85,2,50,2,532,EIRE
2018-06-13,77.2,1,7,1,36,EIRE
2018-06-14,171.75,3,50,1,332,EIRE
2018-06-15,0.0,0,0,0,0,EIRE
2018-06-16,0.0,0,0,0,0,EIRE
2018-06-17,29.12,1,5,1,72,EIRE
2018-06-18,0.0,0,0,0,0,EIRE
2018-06-19,70.15,1,12,1,130,EIRE
2018-06-20,487.24,3,76,1,546,EIRE
2018-06-21,194.45,2,34,1,237,EIRE
2018-06-22,208.77,1,40,1,271,EIRE
2018-06-23,0.0,0,0,0,0,EIRE
2018-06-24,0.0,0,0,0,0,EIRE
2018-06-25,0.0,0,0,0,0,EIRE
2018-06-26,34.8,1,7,1,50,EIRE
2018-06-27,530.95,6,68,2,467,EIRE
2018-06-28,141.83,1,55,1,443,EIRE
2018-06-29,0.0,0,0,0,0,EIRE
2018-06-30,0.0,0,0,0,0,EIRE
2018-07-01,0.0,0,0,0,0,EIRE
2018-07-02,104.25,1,13,1,137,EIRE
2018-07-03,32.95,1,17,1,183,EIRE
2018-07-04,320.56,3,105,3,971,EIRE
2018-07-05,0.0,0,0,0,0,EIRE
2018-07-06,345.71,3,102,2,891,EIRE
2018-07-07,0.0,0,0,0,0,EIRE
2018-07-08,0.0,0,0,0,0,EIRE
2018-07-09,258.71,2,40,1,304,EIRE
2018-07-10,336.83,2,87,1,734,EIRE
2018-07-11,350.46,4,76,2,691,EIRE
2018-07-12,23.37,1,9,1,107,EIRE
2018-07-13,252.65,5,52,2,442,EIRE
2018-07-14,0.0,0,0,0,0,EIRE
2018-07-15,137.6,1,20,0,139,EIRE
2018-07-16,8.5,1,1,1,1,EIRE
2018-07-17,190.0,1,32,1,254,EIRE
2018-07-18,12.8,1,1,0,2,EIRE
2018-07-19,0.0,0,0,0,0,EIRE
2018-07-20,0.0,0,0,0,0,EIRE
2018-07-21,0.0,0,0,0,0,EIRE
2018-07-22,36.25,2,7,1,23,EIRE
2018-07-23,1276.02,3,10,1,81,EIRE
2018-07-24,112.54,1,17,1,161,EIRE
2018-07-25,0.0,0,0,0,0,EIRE
2018-07-26,29.95,1,1,1,3,EIRE
2018-07-27,108.52,2,33,1,246,EIRE
2018-07-28,0.0,0,0,0,0,EIRE
2018-07-29,0.0,0,0,0,0,EIRE
2018-07-30,0.0,0,0,0,0,EIRE
2018-07-31,196.15,2,59,1,535,EIRE
2018-08-01,0.0,0,0,0,0,EIRE
2018-08-02,314.58,1,73,0,322,EIRE
2018-08-03,8.5,1,1,1,1,EIRE
2018-08-04,0.0,0,0,0,0,EIRE
2018-08-05,55.6,1,21,1,206,EIRE
2018-08-06,115.65,2,16,1,108,EIRE
2018-08-07,0.0,0,0,0,0,EIRE
2018-08-08,77.27,2,2,2,3,EIRE
2018-08-09,68.3,2,25,2,190,EIRE
2018-08-10,136.09,1,28,0,194,EIRE
2018-08-11,0.0,0,0,0,0,EIRE
2018-08-12,327.73,3,68,0,660,EIRE
2018-08-13,0.0,0,0,0,0,EIRE
2018-08-14,0.0,0,0,0,0,EIRE
2018-08-15,179.14,2,65,2,815,EIRE
2018-08-16,203.11,4,35,2,273,EIRE
2018-08-17,357.27,4,61,2,514,EIRE
2018-08-18,0.0,0,0,0,0,EIRE
2018-08-19,139.92,1,52,1,451,EIRE
2018-08-20,163.32,3,46,1,361,EIRE
2018-08-21,89.99,2,14,2,116,EIRE
2018-08-22,0.0,0,0,0,0,EIRE
2018-08-23,135.27,1,25,1,175,EIRE
2018-08-24,0.0,0,0,0,0,EIRE
2018-08-25,0.0,0,0,0,0,EIRE
2018-08-26,0.0,0,0,0,0,EIRE
2018-08-27,0.0,0,0,0,0,EIRE
2018-08-28,292.34,2,67,1,498,EIRE
2018-08-29,1.45,1,1,1,0,EIRE
2018-08-30,123.5,1,30,1,180,EIRE
2018-08-31,0.0,0,0,0,0,EIRE
2018-09-01,0.0,0,0,0,0,EIRE
2018-09-02,151.52,1,49,1,419,EIRE
2018-09-03,130.5,1,20,1,114,EIRE
2018-09-04,108.39,1,52,1,493,EIRE
2018-09-05,417.85,2,66,1,461,EIRE
2018-09-06,2.17,1,2,1,4,EIRE
2018-09-07,0.0,0,0,0,0,EIRE
2018-09-08,0.0,0,0,0,0,EIRE
2018-09-09,6.38,1,5,1,30,EIRE
2018-09-10,128.74,3,39,2,410,EIRE
2018-09-11,0.0,0,0,0,0,EIRE
2018-09-12,63.0,1,26,1,368,EIRE
2018-09-13,245.82,2,61,2,462,EIRE
2018-09-14,1.65,1,1,1,2,EIRE
2018-09-15,0.0,0,0,0,0,EIRE
2018-09-16,0.0,0,0,0,0,EIRE
2018-09-17,771.78,4,87,2,867,EIRE
2018-09-18,254.82,6,93,2,1005,EIRE
2018-09-19,0.0,0,0,0,0,EIRE
2018-09-20,123.94,1,29,0,267,EIRE
2018-09-21,0.0,0,0,0,0,EIRE
2018-09-22,0.0,0,0,0,0,EIRE
2018-09-23,81.3,1,11,1,68,EIRE
2018-09-24,573.87,6,113,1,1350,EIRE
2018-09-25,317.39,2,99,1,929,EIRE
2018-09-26,1632.02,7,31,2,253,EIRE
2018-09-27,2798.71,4,106,2,1010,EIRE
2018-09-28,0.0,0,0,0,0,EIRE
2018-09-29,0.0,0,0,0,0,EIRE
2018-09-30,652.21,5,211,2,2558,EIRE
2018-10-01,111.7,2,13,1,81,EIRE
2018-10-02,5022.74,4,27,2,243,EIRE
2018-10-03,223.35,2,38,2,314,EIRE
2018-10-04,0.0,0,0,0,0,EIRE
2018-10-05,178.72,2,29,1,183,EIRE
2018-10-06,0.0,0,0,0,0,EIRE
2018-10-07,0.0,0,0,0,0,EIRE
2018-10-08,176.33,1,55,1,372,EIRE
2018-10-09,0.0,0,0,0,0,EIRE
2018-10-10,212.95,2,20,1,120,EIRE
2018-10-11,600.26,3,148,1,1314,EIRE
2018-10-12,0.0,0,0,0,0,EIRE
2018-10-13,0.0,0,0,0,0,EIRE
2018-10-14,301.0,1,63,0,518,EIRE
2018-10-15,418.55,3,74,2,531,EIRE
2018-10-16,283.55,4,71,2,548,EIRE
2018-10-17,103.72,2,18,1,125,EIRE
2018-10-18,679.72,8,131,2,1512,EIRE
2018-10-19,1868.92,5,52,2,310,EIRE
2018-10-20,0.0,0,0,0,0,EIRE
2018-10-21,0.0,0,0,0,0,EIRE
2018-10-22,220.82,2,53,1,435,EIRE
2018-10-23,520.02,4,126,2,1146,EIRE
2018-10-24,429.88,2,145,1,1521,EIRE
2018-10-25,8086.08,7,70,2,602,EIRE
2018-10-26,0.0,0,0,0,0,EIRE
2018-10-27,0.0,0,0,0,0,EIRE
2018-10-28,0.0,0,0,0,0,EIRE
2018-10-29,189.83,2,46,1,412,EIRE
2018-10-30,20.25,1,6,1,11,EIRE
2018-10-31,362.58,3,68,2,580,EIRE
2018-11-01,111.19,2,39,1,388,EIRE
2018-11-02,394.92,7,69,1,947,EIRE
2018-11-03,0.0,0,0,0,0,EIRE
2018-11-04,57.32,1,17,1,149,EIRE
2018-11-05,183.44,1,39,1,344,EIRE
2018-11-06,267.01,3,81,2,765,EIRE
2018-11-07,118.25,2,46,1,433,EIRE
2018-11-08,9.95,1,1,1,3,EIRE
2018-11-09,313.41,3,49,1,489,EIRE
2018-11-10,0.0,0,0,0,0,EIRE
2018-11-11,0.0,0,0,0,0,EIRE
2018-11-12,956.51,5,253,2,1982,EIRE
2018-11-13,356.88,3,89,2,845,EIRE
2018-11-14,0.0,0,0,0,0,EIRE
2018-11-15,243.72,3,62,1,609,EIRE
2018-11-16,210.3,2,35,1,223,EIRE
2018-11-17,0.0,0,0,0,0,EIRE
2018-11-18,205.92,3,29,2,205,EIRE
2018-11-19,77.25,1,7,1,60,EIRE
2018-11-20,257.96,4,38,2,293,EIRE
2018-11-21,39.4,3,4,1,8,EIRE
2018-11-22,0.0,0,0,0,0,EIRE
2018-11-23,182.34,2,41,2,348,EIRE
2018-11-24,0.0,0,0,0,0,EIRE
2018-11-25,0.0,0,0,0,0,EIRE
2018-11-26,282.54,2,37,1,252,EIRE
2018-11-27,0.0,0,0,0,0,EIRE
2018-11-28,138.04,2,21,1,236,EIRE
2018-11-29,18.75,2,3,2,17,EIRE
2018-11-30,361.04,3,84,2,970,EIRE
2018-12-01,0.0,0,0,0,0,EIRE
2018-12-02,0.0,0,0,0,0,EIRE
2018-12-03,226.2,3,34,1,467,EIRE
2018-12-04,0.0,0,0,0,0,EIRE
2018-12-05,0.0,0,0,0,0,EIRE
2018-12-06,188.45,1,32,1,284,EIRE
2018-12-07,240.35,1,51,1,333,EIRE
2018-12-08,0.0,0,0,0,0,EIRE
2018-12-09,0.0,0,0,0,0,EIRE
2018-12-10,0.0,0,0,0,0,EIRE
2018-12-11,0.0,0,0,0,0,EIRE
2018-12-12,0.0,0,0,0,0,EIRE
2018-12-13,88.61,2,23,1,207,EIRE
2018-12-14,352.76,2,60,1,570,EIRE
2018-12-15,0.0,0,0,0,0,EIRE
2018-12-16,112.75,1,18,1,130,EIRE
2018-12-17,86.81,2,21,1,46,EIRE
2018-12-18,127.4,1,29,1,192,EIRE
2018-12-19,0.0,0,0,0,0,EIRE
2018-12-20,95.75,2,15,1,111,EIRE
2018-12-21,0.0,0,0,0,0,EIRE
2018-12-22,0.0,0,0,0,0,EIRE
2018-12-23,0.0,0,0,0,0,EIRE
2018-12-24,0.0,0,0,0,0,EIRE
2018-12-25,0.0,0,0,0,0,EIRE
2018-12-26,0.0,0,0,0,0,EIRE
2018-12-27,0.0,0,0,0,0,EIRE
2018-12-28,0.0,0,0,0,0,EIRE
2018-12-29,0.0,0,0,0,0,EIRE
2018-12-30,0.0,0,0,0,0,EIRE
2018-12-31,0.0,0,0,0,0,EIRE
2019-01-01,0.0,0,0,0,0,EIRE
2019-01-02,89.77,1,15,1,40,EIRE
2019-01-03,0.0,0,0,0,0,EIRE
2019-01-04,0.0,0,0,0,0,EIRE
2019-01-05,0.0,0,0,0,0,EIRE
2019-01-06,83.7,1,13,1,85,EIRE
2019-01-07,3.75,1,1,0,3,EIRE
2019-01-08,0.0,0,0,0,0,EIRE
2019-01-09,0.0,0,0,0,0,EIRE
2019-01-10,0.0,0,0,0,0,EIRE
2019-01-11,128.19,1,41,1,425,EIRE
2019-01-12,0.0,0,0,0,0,EIRE
2019-01-13,0.0,0,0,0,0,EIRE
2019-01-14,0.0,0,0,0,0,EIRE
2019-01-15,73.67,1,10,1,105,EIRE
2019-01-16,0.0,0,0,0,0,EIRE
2019-01-17,66.35,1,21,1,241,EIRE
2019-01-18,0.0,0,0,0,0,EIRE
2019-01-19,0.0,0,0,0,0,EIRE
2019-01-20,0.0,0,0,0,0,EIRE
2019-01-21,145.19,1,15,1,47,EIRE
2019-01-22,0.0,0,0,0,0,EIRE
2019-01-23,124.07,1,52,1,497,EIRE
2019-01-24,139.92,1,21,1,161,EIRE
2019-01-25,0.0,0,0,0,0,EIRE
2019-01-26,0.0,0,0,0,0,EIRE
2019-01-27,0.0,0,0,0,0,EIRE
2019-01-28,0.0,0,0,0,0,EIRE
2019-01-29,140.36,1,45,1,372,EIRE
2019-01-30,3.75,1,1,0,4,EIRE
2019-01-31,222.81,1,40,1,254,EIRE
2019-02-01,106.05,1,13,1,75,EIRE
2019-02-02,0.0,0,0,0,0,EIRE
2019-02-03,0.0,0,0,0,0,EIRE
2019-02-04,0.0,0,0,0,0,EIRE
2019-02-05,19.9,1,2,1,3,EIRE
2019-02-06,0.0,0,0,0,0,EIRE
2019-02-07,0.0,0,0,0,0,EIRE
2019-02-08,0.0,0,0,0,0,EIRE
2019-02-09,0.0,0,0,0,0,EIRE
2019-02-10,0.0,0,0,0,0,EIRE
2019-02-11,339.69,2,108,1,1125,EIRE
2019-02-12,362.98,2,129,1,696,EIRE
2019-02-13,0.0,0,0,0,0,EIRE
2019-02-14,91.24,1,14,1,87,EIRE
2019-02-15,82.5,1,10,1,61,EIRE
2019-02-16,0.0,0,0,0,0,EIRE
2019-02-17,0.0,0,0,0,0,EIRE
2019-02-18,159.77,2,46,0,380,EIRE
2019-02-19,0.0,0,0,0,0,EIRE
2019-02-20,88.07,1,15,1,161,EIRE
2019-02-21,0.0,0,0,0,0,EIRE
2019-02-22,25.0,1,6,1,14,EIRE
2019-02-23,0.0,0,0,0,0,EIRE
2019-02-24,0.0,0,0,0,0,EIRE
2019-02-25,0.0,0,0,0,0,EIRE
2019-02-26,25.0,1,6,1,66,EIRE
2019-02-27,0.0,0,0,0,0,EIRE
2019-02-28,0.85,1,1,0,2,EIRE
2019-03-01,235.97,2,70,1,671,EIRE
2019-03-02,0.0,0,0,0,0,EIRE
2019-03-03,0.0,0,0,0,0,EIRE
2019-03-04,0.0,0,0,0,0,EIRE
2019-03-05,0.0,0,0,0,0,EIRE
2019-03-06,0.0,0,0,0,0,EIRE
2019-03-07,255.57,4,63,1,686,EIRE
2019-03-08,6748.68,4,1,1,9,EIRE
2019-03-09,0.0,0,0,0,0,EIRE
2019-03-10,0.0,0,0,0,0,EIRE
2019-03-11,448.11,3,99,1,707,EIRE
2019-03-12,389.94,3,95,3,920,EIRE
2019-03-13,0.0,0,0,0,0,EIRE
2019-03-14,81.44,2,26,2,303,EIRE
2019-03-15,211.12,1,44,1,259,EIRE
2019-03-16,0.0,0,0,0,0,EIRE
2019-03-17,79.2,1,11,1,73,EIRE
2019-03-18,0.0,0,0,0,0,EIRE
2019-03-19,0.0,0,0,0,0,EIRE
2019-03-20,0.0,0,0,0,0,EIRE
2019-03-21,106.2,1,16,1,114,EIRE
2019-03-22,118.91,1,43,1,359,EIRE
2019-03-23,0.0,0,0,0,0,EIRE
2019-03-24,24.79,1,3,1,5,EIRE
2019-03-25,167.64,1,39,1,357,EIRE
2019-03-26,126.5,1,27,0,227,EIRE
2019-03-27,0.0,0,0,0,0,EIRE
2019-03-28,79.4,1,9,1,45,EIRE
2019-03-29,231.63,1,67,1,537,EIRE
2019-03-30,0.0,0,0,0,0,EIRE
2019-03-31,0.0,0,0,0,0,EIRE
2019-04-01,141.14,2,29,2,239,EIRE
2019-04-02,0.0,0,0,0,0,EIRE
2019-04-03,177.47,1,65,1,541,EIRE
2019-04-04,139.57,2,33,1,286,EIRE
2019-04-05,0.0,0,0,0,0,EIRE
2019-04-06,0.0,0,0,0,0,EIRE
2019-04-07,0.0,0,0,0,0,EIRE
2019-04-08,218.69,2,61,1,457,EIRE
2019-04-09,0.0,0,0,0,0,EIRE
2019-04-10,0.0,0,0,0,0,EIRE
2019-04-11,0.0,0,0,0,0,EIRE
2019-04-12,0.0,0,0,0,0,EIRE
2019-04-13,0.0,0,0,0,0,EIRE
2019-04-14,168.14,1,25,1,135,EIRE
2019-04-15,0.0,0,0,0,0,EIRE
2019-04-16,93.71,1,21,1,196,EIRE
2019-04-17,0.0,0,0,0,0,EIRE
2019-04-18,0.0,0,0,0,0,EIRE
2019-04-19,0.0,0,0,0,0,EIRE
2019-04-20,0.0,0,0,0,0,EIRE
2019-04-21,0.0,0,0,0,0,EIRE
2019-04-22,0.0,0,0,0,0,EIRE
2019-04-23,0.0,0,0,0,0,EIRE
2019-04-24,58.5,1,5,1,46,EIRE
2019-04-25,0.0,0,0,0,0,EIRE
2019-04-26,0.0,0,0,0,0,EIRE
2019-04-27,0.0,0,0,0,0,EIRE
2019-04-28,0.0,0,0,0,0,EIRE
2019-04-29,0.0,0,0,0,0,EIRE
2019-04-30,289.31,2,68,1,482,EIRE
2019-05-01,0.0,0,0,0,0,EIRE
2019-05-02,114.81,2,23,1,182,EIRE
2019-05-03,75.37,1,20,1,201,EIRE
2019-05-04,0.0,0,0,0,0,EIRE
2019-05-05,154.83,1,49,1,386,EIRE
2019-05-06,0.0,0,0,0,0,EIRE
2019-05-07,146.05,3,37,0,289,EIRE
2019-05-08,0.0,0,0,0,0,EIRE
2019-05-09,0.0,0,0,0,0,EIRE
2019-05-10,0.0,0,0,0,0,EIRE
2019-05-11,0.0,0,0,0,0,EIRE
2019-05-12,142.29,1,18,1,130,EIRE
2019-05-13,525.58,4,125,3,1163,EIRE
2019-05-14,223.87,3,50,1,319,EIRE
2019-05-15,238.58,1,60,1,440,EIRE
2019-05-16,262.9,2,46,1,368,EIRE
2019-05-17,133.44,1,23,1,173,EIRE
2019-05-18,0.0,0,0,0,0,EIRE
2019-05-19,0.0,0,0,0,0,EIRE
2019-05-20,210.56,1,52,1,380,EIRE
2019-05-21,14.45,1,2,1,6,EIRE
2019-05-22,0.0,0,0,0,0,EIRE
2019-05-23,124.14,4,27,1,233,EIRE
2019-05-24,0.0,0,0,0,0,EIRE
2019-05-25,0.0,0,0,0,0,EIRE
2019-05-26,0.0,0,0,0,0,EIRE
2019-05-27,0.0,0,0,0,0,EIRE
2019-05-28,0.0,0,0,0,0,EIRE
2019-05-29,7.5,1,1,1,1,EIRE
2019-05-30,0.0,0,0,0,0,EIRE
2019-05-31,0.0,0,0,0,0,EIRE
2019-06-01,0.0,0,0,0,0,EIRE
2019-06-02,0.0,0,0,0,0,EIRE
2019-06-03,221.2,1,45,1,297,EIRE
2019-06-04,78.69,1,13,1,142,EIRE
2019-06-05,123.75,2,65,1,711,EIRE
2019-06-06,228.89,2,47,1,432,EIRE
2019-06-07,0.0,0,0,0,0,EIRE
2019-06-08,0.0,0,0,0,0,EIRE
2019-06-09,0.0,0,0,0,0,EIRE
2019-06-10,139.07,1,42,1,322,EIRE
2019-06-11,0.0,0,0,0,0,EIRE
2019-06-12,67.92,2,31,1,367,EIRE
2019-06-13,187.94,1,33,1,223,EIRE
2019-06-14,183.43,1,33,1,272,EIRE
2019-06-15,0.0,0,0,0,0,EIRE
2019-06-16,115.07,1,14,1,70,EIRE
2019-06-17,6266.24,3,1,0,8,EIRE
2019-06-18,178.92,3,40,1,76,EIRE
2019-06-19,217.27,2,43,2,414,EIRE
2019-06-20,114.8,4,21,1,158,EIRE
2019-06-21,1325.09,5,71,1,646,EIRE
2019-06-22,0.0,0,0,0,0,EIRE
2019-06-23,0.0,0,0,0,0,EIRE
2019-06-24,178.44,2,42,1,327,EIRE
2019-06-25,0.0,0,0,0,0,EIRE
2019-06-26,253.67,3,78,2,709,EIRE
2019-06-27,92.16,1,30,1,237,EIRE
2019-06-28,295.21,3,54,3,440,EIRE
2019-06-29,0.0,0,0,0,0,EIRE
2019-06-30,0.0,0,0,0,0,EIRE
2019-07-01,225.83,3,56,0,457,EIRE
2019-07-02,137.5,1,7,1,21,EIRE
2019-07-03,0.0,0,0,0,0,EIRE
2019-07-04,0.0,0,0,0,0,EIRE
2019-07-05,12.75,1,1,1,2,EIRE
2019-07-06,0.0,0,0,0,0,EIRE
2019-07-07,0.0,0,0,0,0,EIRE
2019-07-08,0.0,0,0,0,0,EIRE
2019-07-09,0.0,0,0,0,0,EIRE
2019-07-10,0.0,0,0,0,0,EIRE
2019-07-11,359.19,3,74,2,578,EIRE
2019-07-12,0.0,0,0,0,0,EIRE
2019-07-13,0.0,0,0,0,0,EIRE
2019-07-14,0.0,0,0,0,0,EIRE
2019-07-15,146.98,2,85,1,817,EIRE
2019-07-16,596.69,5,143,2,1595,EIRE
2019-07-17,0.0,0,0,0,0,EIRE
2019-07-18,204.05,3,39,1,431,EIRE
2019-07-19,0.0,0,0,0,0,EIRE
2019-07-20,0.0,0,0,0,0,EIRE
2019-07-21,0.0,0,0,0,0,EIRE
2019-07-22,0.0,0,0,0,0,EIRE
2019-07-23,73.02,2,10,1,85,EIRE
2019-07-24,47.62,2,24,1,272,EIRE
2019-07-25,375.15,3,61,1,754,EIRE
2019-07-26,82.44,1,24,1,216,EIRE
2019-07-27,0.0,0,0,0,0,EIRE
2019-07-28,205.84,2,98,2,1007,EIRE
2017-11-28,139.03,1,44,1,367,Germany
2017-11-29,4.6,1,2,1,5,Germany
2017-11-30,12.85,1,3,1,2,Germany
2017-12-01,0.0,0,0,0,0,Germany
2017-12-02,0.0,0,0,0,0,Germany
2017-12-03,49.2,1,13,1,98,Germany
2017-12-04,151.98,3,39,2,444,Germany
2017-12-05,0.0,0,0,0,0,Germany
2017-12-06,376.7,4,41,3,422,Germany
2017-12-07,0.0,0,0,0,0,Germany
2017-12-08,13.35,2,5,1,13,Germany
2017-12-09,0.0,0,0,0,0,Germany
2017-12-10,30.32,1,4,1,34,Germany
2017-12-11,486.44,6,143,3,1718,Germany
2017-12-12,0.0,0,0,0,0,Germany
2017-12-13,0.0,0,0,0,0,Germany
2017-12-14,3.25,1,1,1,1,Germany
2017-12-15,105.39,5,21,2,109,Germany
2017-12-16,0.0,0,0,0,0,Germany
2017-12-17,66.0,1,17,1,134,Germany
2017-12-18,76.68,1,25,1,273,Germany
2017-12-19,0.0,0,0,0,0,Germany
2017-12-20,7.05,1,5,1,10,Germany
2017-12-21,0.0,0,0,0,0,Germany
2017-12-22,0.0,0,0,0,0,Germany
2017-12-23,0.0,0,0,0,0,Germany
2017-12-24,0.0,0,0,0,0,Germany
2017-12-25,0.0,0,0,0,0,Germany
2017-12-26,0.0,0,0,0,0,Germany
2017-12-27,0.0,0,0,0,0,Germany
2017-12-28,0.0,0,0,0,0,Germany
2017-12-29,0.0,0,0,0,0,Germany
2017-12-30,0.0,0,0,0,0,Germany
2017-12-31,0.0,0,0,0,0,Germany
2018-01-01,16.29,1,3,1,8,Germany
2018-01-02,0.0,0,0,0,0,Germany
2018-01-03,0.0,0,0,0,0,Germany
2018-01-04,47.55,2,14,2,66,Germany
2018-01-05,0.0,0,0,0,0,Germany
2018-01-06,0.0,0,0,0,0,Germany
2018-01-07,0.0,0,0,0,0,Germany
2018-01-08,111.49,4,33,3,213,Germany
2018-01-09,259.45,4,80,3,871,Germany
2018-01-10,144.57,2,40,2,347,Germany
2018-01-11,154.92,3,46,3,334,Germany
2018-01-12,23.27,2,8,2,26,Germany
2018-01-13,0.0,0,0,0,0,Germany
2018-01-14,0.0,0,0,0,0,Germany
2018-01-15,6.7,1,2,1,6,Germany
2018-01-16,3.64,1,2,1,4,Germany
2018-01-17,0.0,0,0,0,0,Germany
2018-01-18,0.0,0,0,0,0,Germany
2018-01-19,352.31,2,122,2,1161,Germany
2018-01-20,0.0,0,0,0,0,Germany
2018-01-21,104.07,1,40,1,332,Germany
2018-01-22,34.7,1,11,1,22,Germany
2018-01-23,408.53,12,76,6,841,Germany
2018-01-24,0.0,0,0,0,0,Germany
2018-01-25,32.75,3,9,3,20,Germany
2018-01-26,0.0,0,0,0,0,Germany
2018-01-27,0.0,0,0,0,0,Germany
2018-01-28,288.78,1,99,1,757,Germany
2018-01-29,126.26,2,38,2,365,Germany
2018-01-30,0.85,1,1,1,3,Germany
2018-01-31,5.3,2,4,1,30,Germany
2018-02-01,48.38,2,17,1,152,Germany
2018-02-02,154.83,2,45,2,173,Germany
2018-02-03,0.0,0,0,0,0,Germany
2018-02-04,43.1,1,7,1,43,Germany
2018-02-05,212.97,3,54,3,490,Germany
2018-02-06,277.81,5,78,5,780,Germany
2018-02-07,53.26,1,15,1,126,Germany
2018-02-08,41.8,3,17,3,138,Germany
2018-02-09,103.82,3,48,2,427,Germany
2018-02-10,0.0,0,0,0,0,Germany
2018-02-11,0.0,0,0,0,0,Germany
2018-02-12,161.72,2,49,2,321,Germany
2018-02-13,10.85,1,3,1,6,Germany
2018-02-14,1.7,1,2,1,4,Germany
2018-02-15,20.56,1,10,1,102,Germany
2018-02-16,0.0,0,0,0,0,Germany
2018-02-17,0.0,0,0,0,0,Germany
2018-02-18,0.0,0,0,0,0,Germany
2018-02-19,3.75,1,1,1,2,Germany
2018-02-20,79.65,7,25,4,157,Germany
2018-02-21,0.0,0,0,0,0,Germany
2018-02-22,70.58,2,9,2,64,Germany
2018-02-23,0.0,0,0,0,0,Germany
2018-02-24,0.0,0,0,0,0,Germany
2018-02-25,127.3,2,32,2,290,Germany
2018-02-26,0.0,0,0,0,0,Germany
2018-02-27,71.4,2,17,2,118,Germany
2018-02-28,87.22,3,28,3,180,Germany
2018-03-01,0.0,0,0,0,0,Germany
2018-03-02,128.0,3,29,3,311,Germany
2018-03-03,0.0,0,0,0,0,Germany
2018-03-04,348.32,2,125,2,1077,Germany
2018-03-05,105.01,3,28,3,233,Germany
2018-03-06,181.37,2,7,2,43,Germany
2018-03-07,81.4,2,23,1,173,Germany
2018-03-08,0.0,0,0,0,0,Germany
2018-03-09,1.95,1,1,1,2,Germany
2018-03-10,0.0,0,0,0,0,Germany
2018-03-11,0.0,0,0,0,0,Germany
2018-03-12,42.1,2,8,2,54,Germany
2018-03-13,175.73,4,46,3,371,Germany
2018-03-14,106.4,2,38,2,519,Germany
2018-03-15,155.66,2,52,2,496,Germany
2018-03-16,0.0,0,0,0,0,Germany
2018-03-17,0.0,0,0,0,0,Germany
2018-03-18,0.0,0,0,0,0,Germany
2018-03-19,142.03,2,38,2,340,Germany
2018-03-20,11.45,1,3,1,6,Germany
2018-03-21,25.39,1,7,1,87,Germany
2018-03-22,152.2,3,33,2,298,Germany
2018-03-23,377.13,3,107,3,792,Germany
2018-03-24,0.0,0,0,0,0,Germany
2018-03-25,0.0,0,0,0,0,Germany
2018-03-26,2.1,1,1,1,3,Germany
2018-03-27,0.0,0,0,0,0,Germany
2018-03-28,29.55,1,5,1,3,Germany
2018-03-29,361.73,5,97,5,1048,Germany
2018-03-30,0.0,0,0,0,0,Germany
2018-03-31,0.0,0,0,0,0,Germany
2018-04-01,0.0,0,0,0,0,Germany
2018-04-02,0.0,0,0,0,0,Germany
2018-04-03,0.0,0,0,0,0,Germany
2018-04-04,79.95,1,32,1,302,Germany
2018-04-05,72.35,2,35,1,125,Germany
2018-04-06,213.89,2,74,2,733,Germany
2018-04-07,0.0,0,0,0,0,Germany
2018-04-08,120.31,2,59,2,730,Germany
2018-04-09,431.64,3,47,3,415,Germany
2018-04-10,0.0,0,0,0,0,Germany
2018-04-11,120.09,2,36,1,312,Germany
2018-04-12,41.97,1,19,1,192,Germany
2018-04-13,94.07,1,21,1,131,Germany
2018-04-14,0.0,0,0,0,0,Germany
2018-04-15,0.0,0,0,0,0,Germany
2018-04-16,49.83,1,25,1,252,Germany
2018-04-17,154.34,3,37,3,268,Germany
2018-04-18,183.82,2,57,2,659,Germany
2018-04-19,164.92,4,50,4,465,Germany
2018-04-20,49.69,2,10,2,25,Germany
2018-04-21,0.0,0,0,0,0,Germany
2018-04-22,101.2,1,36,1,305,Germany
2018-04-23,245.23,3,62,3,710,Germany
2018-04-24,0.0,0,0,0,0,Germany
2018-04-25,81.6,1,16,1,111,Germany
2018-04-26,14.85,1,3,1,6,Germany
2018-04-27,84.05,1,19,1,151,Germany
2018-04-28,0.0,0,0,0,0,Germany
2018-04-29,48.45,1,10,1,96,Germany
2018-04-30,0.0,0,0,0,0,Germany
2018-05-01,35.4,2,8,2,15,Germany
2018-05-02,63.04,1,22,1,209,Germany
2018-05-03,182.81,2,48,2,463,Germany
2018-05-04,0.0,0,0,0,0,Germany
2018-05-05,0.0,0,0,0,0,Germany
2018-05-06,0.0,0,0,0,0,Germany
2018-05-07,16.15,1,3,1,11,Germany
2018-05-08,58.54,1,7,1,49,Germany
2018-05-09,88.61,1,34,1,297,Germany
2018-05-10,62.24,1,19,1,176,Germany
2018-05-11,25.62,3,9,3,23,Germany
2018-05-12,0.0,0,0,0,0,Germany
2018-05-13,0.0,0,0,0,0,Germany
2018-05-14,104.22,1,29,1,256,Germany
2018-05-15,83.05,2,16,2,120,Germany
2018-05-16,10.95,1,1,1,4,Germany
2018-05-17,83.02,2,21,2,121,Germany
2018-05-18,301.11,2,75,2,558,Germany
2018-05-19,0.0,0,0,0,0,Germany
2018-05-20,47.75,1,16,1,137,Germany
2018-05-21,35.38,1,14,1,139,Germany
2018-05-22,0.0,0,0,0,0,Germany
2018-05-23,20.5,2,3,1,8,Germany
2018-05-24,60.95,2,10,2,73,Germany
2018-05-25,88.38,2,35,2,337,Germany
2018-05-26,0.0,0,0,0,0,Germany
2018-05-27,0.0,0,0,0,0,Germany
2018-05-28,0.0,0,0,0,0,Germany
2018-05-29,101.39,2,24,2,129,Germany
2018-05-30,0.0,0,0,0,0,Germany
2018-05-31,0.0,0,0,0,0,Germany
2018-06-01,78.78,1,30,1,294,Germany
2018-06-02,0.0,0,0,0,0,Germany
2018-06-03,44.9,1,20,1,279,Germany
2018-06-04,363.5,6,90,2,813,Germany
2018-06-05,358.15,4,22,1,203,Germany
2018-06-06,0.0,0,0,0,0,Germany
2018-06-07,35.32,1,15,1,136,Germany
2018-06-08,0.0,0,0,0,0,Germany
2018-06-09,0.0,0,0,0,0,Germany
2018-06-10,76.32,2,23,2,147,Germany
2018-06-11,0.0,0,0,0,0,Germany
2018-06-12,247.49,2,102,2,1072,Germany
2018-06-13,105.43,1,43,1,374,Germany
2018-06-14,0.0,0,0,0,0,Germany
2018-06-15,0.0,0,0,0,0,Germany
2018-06-16,0.0,0,0,0,0,Germany
2018-06-17,47.77,1,12,1,138,Germany
2018-06-18,0.0,0,0,0,0,Germany
2018-06-19,0.0,0,0,0,0,Germany
2018-06-20,0.0,0,0,0,0,Germany
2018-06-21,161.19,1,92,1,926,Germany
2018-06-22,0.0,0,0,0,0,Germany
2018-06-23,0.0,0,0,0,0,Germany
2018-06-24,0.0,0,0,0,0,Germany
2018-06-25,98.78,4,42,4,237,Germany
2018-06-26,137.6,3,35,2,345,Germany
2018-06-27,248.68,4,62,3,568,Germany
2018-06-28,161.36,2,45,2,416,Germany
2018-06-29,771.57,2,209,2,1823,Germany
2018-06-30,0.0,0,0,0,0,Germany
2018-07-01,0.0,0,0,0,0,Germany
2018-07-02,159.81,3,36,3,253,Germany
2018-07-03,256.8,3,52,3,249,Germany
2018-07-04,42.79,1,21,1,236,Germany
2018-07-05,2329.68,8,46,3,779,Germany
2018-07-06,39.26,1,13,1,89,Germany
2018-07-07,0.0,0,0,0,0,Germany
2018-07-08,0.0,0,0,0,0,Germany
2018-07-09,82.21,1,33,1,328,Germany
2018-07-10,0.0,0,0,0,0,Germany
2018-07-11,11.2,2,2,2,3,Germany
2018-07-12,0.0,0,0,0,0,Germany
2018-07-13,102.81,2,40,2,483,Germany
2018-07-14,0.0,0,0,0,0,Germany
2018-07-15,117.19,1,59,1,661,Germany
2018-07-16,47.34,2,8,2,33,Germany
2018-07-17,87.34,1,27,1,215,Germany
2018-07-18,203.65,3,70,2,675,Germany
2018-07-19,4.95,1,1,1,1,Germany
2018-07-20,156.95,2,47,2,389,Germany
2018-07-21,0.0,0,0,0,0,Germany
2018-07-22,0.0,0,0,0,0,Germany
2018-07-23,302.96,3,70,3,488,Germany
2018-07-24,0.0,0,0,0,0,Germany
2018-07-25,0.0,0,0,0,0,Germany
2018-07-26,84.4,2,28,2,214,Germany
2018-07-27,2.55,1,1,1,2,Germany
2018-07-28,0.0,0,0,0,0,Germany
2018-07-29,0.0,0,0,0,0,Germany
2018-07-30,32.84,2,13,2,131,Germany
2018-07-31,65.78,1,22,1,215,Germany
2018-08-01,50.85,1,18,1,217,Germany
2018-08-02,61.7,1,18,1,149,Germany
2018-08-03,153.26,2,44,2,369,Germany
2018-08-04,0.0,0,0,0,0,Germany
2018-08-05,0.0,0,0,0,0,Germany
2018-08-06,3.4,1,2,1,5,Germany
2018-08-07,0.0,0,0,0,0,Germany
2018-08-08,119.51,2,25,2,150,Germany
2018-08-09,4.75,1,3,1,2,Germany
2018-08-10,9.2,1,2,1,5,Germany
2018-08-11,0.0,0,0,0,0,Germany
2018-08-12,0.0,0,0,0,0,Germany
2018-08-13,50.08,1,24,1,254,Germany
2018-08-14,67.35,1,21,1,190,Germany
2018-08-15,111.32,2,34,1,298,Germany
2018-08-16,90.4,1,24,1,225,Germany
2018-08-17,87.03,2,25,2,184,Germany
2018-08-18,0.0,0,0,0,0,Germany
2018-08-19,70.65,2,23,1,223,Germany
2018-08-20,0.0,0,0,0,0,Germany
2018-08-21,136.1,3,50,2,456,Germany
2018-08-22,132.69,2,31,2,245,Germany
2018-08-23,104.95,3,21,3,168,Germany
2018-08-24,0.0,0,0,0,0,Germany
2018-08-25,0.0,0,0,0,0,Germany
2018-08-26,0.0,0,0,0,0,Germany
2018-08-27,0.0,0,0,0,0,Germany
2018-08-28,95.14,3,26,2,214,Germany
2018-08-29,168.23,5,61,5,545,Germany
2018-08-30,18.85,1,2,1,15,Germany
2018-08-31,0.0,0,0,0,0,Germany
2018-09-01,0.0,0,0,0,0,Germany
2018-09-02,65.67,1,27,1,266,Germany
2018-09-03,26.7,1,5,1,26,Germany
2018-09-04,46.17,1,14,1,126,Germany
2018-09-05,61.52,2,18,1,188,Germany
2018-09-06,185.14,4,59,4,605,Germany
2018-09-07,115.57,1,35,1,300,Germany
2018-09-08,0.0,0,0,0,0,Germany
2018-09-09,0.0,0,0,0,0,Germany
2018-09-10,120.49,4,28,3,273,Germany
2018-09-11,240.94,4,46,3,345,Germany
2018-09-12,249.54,2,89,2,1100,Germany
2018-09-13,53.62,3,16,3,51,Germany
2018-09-14,59.44,1,21,1,199,Germany
2018-09-15,0.0,0,0,0,0,Germany
2018-09-16,0.0,0,0,0,0,Germany
2018-09-17,113.36,3,38,2,343,Germany
2018-09-18,101.79,3,34,2,294,Germany
2018-09-19,0.0,0,0,0,0,Germany
2018-09-20,0.0,0,0,0,0,Germany
2018-09-21,0.0,0,0,0,0,Germany
2018-09-22,0.0,0,0,0,0,Germany
2018-09-23,0.0,0,0,0,0,Germany
2018-09-24,124.32,4,44,2,446,Germany
2018-09-25,230.43,3,60,3,439,Germany
2018-09-26,14.9,1,2,1,3,Germany
2018-09-27,266.97,4,98,3,1001,Germany
2018-09-28,159.97,7,30,6,188,Germany
2018-09-29,0.0,0,0,0,0,Germany
2018-09-30,45.04,1,7,1,63,Germany
2018-10-01,166.19,4,66,2,702,Germany
2018-10-02,196.4,4,55,4,466,Germany
2018-10-03,298.52,1,88,1,697,Germany
2018-10-04,101.13,3,29,3,169,Germany
2018-10-05,164.15,2,43,2,357,Germany
2018-10-06,0.0,0,0,0,0,Germany
2018-10-07,0.0,0,0,0,0,Germany
2018-10-08,0.0,0,0,0,0,Germany
2018-10-09,194.25,5,74,5,799,Germany
2018-10-10,122.05,3,22,3,135,Germany
2018-10-11,0.0,0,0,0,0,Germany
2018-10-12,139.89,2,24,2,199,Germany
2018-10-13,0.0,0,0,0,0,Germany
2018-10-14,0.0,0,0,0,0,Germany
2018-10-15,175.46,3,50,3,437,Germany
2018-10-16,273.63,4,73,2,780,Germany
2018-10-17,74.08,1,14,1,105,Germany
2018-10-18,36.85,2,4,2,10,Germany
2018-10-19,70.24,1,26,1,250,Germany
2018-10-20,0.0,0,0,0,0,Germany
2018-10-21,107.81,1,42,1,388,Germany
2018-10-22,68.42,1,17,1,196,Germany
2018-10-23,183.14,4,48,4,534,Germany
2018-10-24,23.49,3,3,3,7,Germany
2018-10-25,1.95,1,1,1,4,Germany
2018-10-26,299.27,2,106,2,1058,Germany
2018-10-27,0.0,0,0,0,0,Germany
2018-10-28,138.55,2,28,2,211,Germany
2018-10-29,70.0,1,22,1,204,Germany
2018-10-30,254.08,2,57,1,408,Germany
2018-10-31,96.35,1,32,1,248,Germany
2018-11-01,68.81,4,34,4,343,Germany
2018-11-02,498.72,7,117,5,1118,Germany
2018-11-03,0.0,0,0,0,0,Germany
2018-11-04,106.56,1,35,1,303,Germany
2018-11-05,242.49,6,66,6,672,Germany
2018-11-06,33.75,1,7,1,17,Germany
2018-11-07,109.5,3,24,3,166,Germany
2018-11-08,0.0,0,0,0,0,Germany
2018-11-09,341.81,4,79,4,733,Germany
2018-11-10,0.0,0,0,0,0,Germany
2018-11-11,0.0,0,0,0,0,Germany
2018-11-12,150.56,4,45,2,419,Germany
2018-11-13,132.57,4,31,4,255,Germany
2018-11-14,0.0,0,0,0,0,Germany
2018-11-15,115.81,4,23,3,216,Germany
2018-11-16,134.4,3,20,3,123,Germany
2018-11-17,0.0,0,0,0,0,Germany
2018-11-18,141.31,2,38,1,333,Germany
2018-11-19,217.55,2,58,2,496,Germany
2018-11-20,53.57,1,13,1,88,Germany
2018-11-21,0.0,0,0,0,0,Germany
2018-11-22,0.0,0,0,0,0,Germany
2018-11-23,312.58,3,71,2,615,Germany
2018-11-24,0.0,0,0,0,0,Germany
2018-11-25,273.2,3,77,3,764,Germany
2018-11-26,29.9,1,3,1,25,Germany
2018-11-27,302.07,6,81,4,946,Germany
2018-11-28,138.29,2,27,2,214,Germany
2018-11-29,62.1,2,12,2,120,Germany
2018-11-30,117.79,3,19,3,177,Germany
2018-12-01,0.0,0,0,0,0,Germany
2018-12-02,396.25,4,107,3,1410,Germany
2018-12-03,65.33,2,15,2,92,Germany
2018-12-04,116.1,1,17,1,137,Germany
2018-12-05,56.9,2,8,2,136,Germany
2018-12-06,181.26,5,36,5,385,Germany
2018-12-07,155.36,2,47,1,506,Germany
2018-12-08,0.0,0,0,0,0,Germany
2018-12-09,0.0,0,0,0,0,Germany
2018-12-10,37.35,3,2,1,12,Germany
2018-12-11,0.0,0,0,0,0,Germany
2018-12-12,31.3,1,6,1,12,Germany
2018-12-13,1.65,1,1,1,4,Germany
2018-12-14,512.8,9,93,7,1083,Germany
2018-12-15,0.0,0,0,0,0,Germany
2018-12-16,73.26,1,24,1,240,Germany
2018-12-17,120.27,2,26,2,114,Germany
2018-12-18,0.0,0,0,0,0,Germany
2018-12-19,0.0,0,0,0,0,Germany
2018-12-20,235.63,3,75,3,707,Germany
2018-12-21,0.0,0,0,0,0,Germany
2018-12-22,0.0,0,0,0,0,Germany
2018-12-23,0.0,0,0,0,0,Germany
2018-12-24,0.0,0,0,0,0,Germany
2018-12-25,0.0,0,0,0,0,Germany
2018-12-26,0.0,0,0,0,0,Germany
2018-12-27,0.0,0,0,0,0,Germany
2018-12-28,0.0,0,0,0,0,Germany
2018-12-29,0.0,0,0,0,0,Germany
2018-12-30,0.0,0,0,0,0,Germany
2018-12-31,0.0,0,0,0,0,Germany
2019-01-01,0.0,0,0,0,0,Germany
2019-01-02,71.49,2,17,2,33,Germany
2019-01-03,1.65,1,1,1,4,Germany
2019-01-04,635.94,4,194,4,1966,Germany
2019-01-05,0.0,0,0,0,0,Germany
2019-01-06,0.0,0,0,0,0,Germany
2019-01-07,83.59,3,21,3,166,Germany
2019-01-08,29.91,1,9,1,87,Germany
2019-01-09,50.95,2,12,2,74,Germany
2019-01-10,46.0,1,7,1,58,Germany
2019-01-11,162.08,3,28,2,218,Germany
2019-01-12,0.0,0,0,0,0,Germany
2019-01-13,0.0,0,0,0,0,Germany
2019-01-14,256.61,2,75,2,542,Germany
2019-01-15,29.39,1,10,1,83,Germany
2019-01-16,20.5,1,3,1,31,Germany
2019-01-17,0.0,0,0,0,0,Germany
2019-01-18,19.6,1,6,1,8,Germany
2019-01-19,0.0,0,0,0,0,Germany
2019-01-20,0.0,0,0,0,0,Germany
2019-01-21,253.05,3,77,3,805,Germany
2019-01-22,221.34,4,78,4,746,Germany
2019-01-23,159.95,2,62,2,630,Germany
2019-01-24,159.33,4,39,4,334,Germany
2019-01-25,27.83,1,11,1,9,Germany
2019-01-26,0.0,0,0,0,0,Germany
2019-01-27,0.0,0,0,0,0,Germany
2019-01-28,477.95,4,106,4,884,Germany
2019-01-29,93.25,3,15,3,70,Germany
2019-01-30,14.85,2,2,1,4,Germany
2019-01-31,211.85,4,45,4,350,Germany
2019-02-01,44.95,1,4,1,12,Germany
2019-02-02,0.0,0,0,0,0,Germany
2019-02-03,0.0,0,0,0,0,Germany
2019-02-04,36.49,1,15,1,34,Germany
2019-02-05,80.34,3,15,3,27,Germany
2019-02-06,33.31,1,13,1,138,Germany
2019-02-07,75.53,2,22,2,193,Germany
2019-02-08,258.0,2,57,2,489,Germany
2019-02-09,0.0,0,0,0,0,Germany
2019-02-10,0.0,0,0,0,0,Germany
2019-02-11,140.78,3,39,2,326,Germany
2019-02-12,0.0,0,0,0,0,Germany
2019-02-13,0.0,0,0,0,0,Germany
2019-02-14,71.41,2,15,2,112,Germany
2019-02-15,7.4,1,5,1,70,Germany
2019-02-16,0.0,0,0,0,0,Germany
2019-02-17,0.0,0,0,0,0,Germany
2019-02-18,143.87,3,34,3,346,Germany
2019-02-19,0.0,0,0,0,0,Germany
2019-02-20,51.74,1,14,1,128,Germany
2019-02-21,0.0,0,0,0,0,Germany
2019-02-22,166.2,2,43,2,420,Germany
2019-02-23,0.0,0,0,0,0,Germany
2019-02-24,0.0,0,0,0,0,Germany
2019-02-25,0.0,0,0,0,0,Germany
2019-02-26,38.73,1,14,1,139,Germany
2019-02-27,0.0,0,0,0,0,Germany
2019-02-28,96.26,2,27,2,256,Germany
2019-03-01,0.0,0,0,0,0,Germany
2019-03-02,0.0,0,0,0,0,Germany
2019-03-03,0.0,0,0,0,0,Germany
2019-03-04,207.04,3,46,3,302,Germany
2019-03-05,199.66,3,44,3,408,Germany
2019-03-06,0.0,0,0,0,0,Germany
2019-03-07,0.0,0,0,0,0,Germany
2019-03-08,191.67,2,61,2,521,Germany
2019-03-09,0.0,0,0,0,0,Germany
2019-03-10,0.0,0,0,0,0,Germany
2019-03-11,16.4,1,3,1,7,Germany
2019-03-12,0.0,0,0,0,0,Germany
2019-03-13,85.05,1,11,1,50,Germany
2019-03-14,229.89,3,58,3,584,Germany
2019-03-15,255.63,5,67,4,713,Germany
2019-03-16,0.0,0,0,0,0,Germany
2019-03-17,80.04,2,13,2,96,Germany
2019-03-18,0.0,0,0,0,0,Germany
2019-03-19,198.34,3,72,2,699,Germany
2019-03-20,0.0,0,0,0,0,Germany
2019-03-21,27.15,3,7,2,12,Germany
2019-03-22,278.85,4,68,4,570,Germany
2019-03-23,0.0,0,0,0,0,Germany
2019-03-24,1.25,1,1,1,3,Germany
2019-03-25,155.37,4,52,3,580,Germany
2019-03-26,0.0,0,0,0,0,Germany
2019-03-27,60.64,2,12,2,75,Germany
2019-03-28,64.12,2,8,2,45,Germany
2019-03-29,40.09,1,10,1,78,Germany
2019-03-30,0.0,0,0,0,0,Germany
2019-03-31,0.0,0,0,0,0,Germany
2019-04-01,80.69,2,28,1,285,Germany
2019-04-02,21.95,2,7,2,19,Germany
2019-04-03,0.39,1,1,1,1,Germany
2019-04-04,62.58,1,24,1,237,Germany
2019-04-05,183.97,3,71,3,691,Germany
2019-04-06,0.0,0,0,0,0,Germany
2019-04-07,0.0,0,0,0,0,Germany
2019-04-08,139.83,2,41,2,371,Germany
2019-04-09,0.0,0,0,0,0,Germany
2019-04-10,0.0,0,0,0,0,Germany
2019-04-11,463.82,7,99,6,894,Germany
2019-04-12,0.0,0,0,0,0,Germany
2019-04-13,0.0,0,0,0,0,Germany
2019-04-14,0.0,0,0,0,0,Germany
2019-04-15,445.5,2,1,1,4,Germany
2019-04-16,345.78,4,75,4,660,Germany
2019-04-17,54.14,1,14,1,111,Germany
2019-04-18,96.05,2,22,2,191,Germany
2019-04-19,0.0,0,0,0,0,Germany
2019-04-20,0.0,0,0,0,0,Germany
2019-04-21,0.0,0,0,0,0,Germany
2019-04-22,0.0,0,0,0,0,Germany
2019-04-23,18.0,1,9,1,14,Germany
2019-04-24,92.3,1,34,1,338,Germany
2019-04-25,38.27,1,8,1,77,Germany
2019-04-26,0.0,0,0,0,0,Germany
2019-04-27,0.0,0,0,0,0,Germany
2019-04-28,80.27,1,33,1,335,Germany
2019-04-29,0.0,0,0,0,0,Germany
2019-04-30,4.65,1,3,1,6,Germany
2019-05-01,94.06,4,33,3,387,Germany
2019-05-02,80.64,2,9,2,69,Germany
2019-05-03,12.64,2,10,2,80,Germany
2019-05-04,0.0,0,0,0,0,Germany
2019-05-05,0.0,0,0,0,0,Germany
2019-05-06,108.56,2,37,2,310,Germany
2019-05-07,115.37,2,24,2,228,Germany
2019-05-08,47.72,2,18,2,166,Germany
2019-05-09,935.35,6,140,4,1755,Germany
2019-05-10,69.46,2,18,1,136,Germany
2019-05-11,0.0,0,0,0,0,Germany
2019-05-12,0.0,0,0,0,0,Germany
2019-05-13,0.0,0,0,0,0,Germany
2019-05-14,107.53,2,38,2,372,Germany
2019-05-15,0.0,0,0,0,0,Germany
2019-05-16,365.05,7,90,6,839,Germany
2019-05-17,29.9,1,2,1,7,Germany
2019-05-18,0.0,0,0,0,0,Germany
2019-05-19,268.36,2,95,2,820,Germany
2019-05-20,211.06,6,45,4,421,Germany
2019-05-21,60.2,1,15,1,121,Germany
2019-05-22,0.0,0,0,0,0,Germany
2019-05-23,191.29,5,47,3,424,Germany
2019-05-24,143.98,1,38,1,248,Germany
2019-05-25,0.0,0,0,0,0,Germany
2019-05-26,118.09,1,30,1,244,Germany
2019-05-27,0.0,0,0,0,0,Germany
2019-05-28,33.29,2,5,2,17,Germany
2019-05-29,116.9,3,36,2,343,Germany
2019-05-30,409.97,4,162,4,827,Germany
2019-05-31,26.15,1,4,1,23,Germany
2019-06-01,0.0,0,0,0,0,Germany
2019-06-02,177.09,2,51,2,446,Germany
2019-06-03,102.1,2,29,2,172,Germany
2019-06-04,7.56,1,7,1,19,Germany
2019-06-05,0.0,0,0,0,0,Germany
2019-06-06,89.18,2,11,2,73,Germany
2019-06-07,69.7,1,9,1,94,Germany
2019-06-08,0.0,0,0,0,0,Germany
2019-06-09,37.21,1,13,1,144,Germany
2019-06-10,371.54,3,94,3,995,Germany
2019-06-11,0.0,0,0,0,0,Germany
2019-06-12,0.0,0,0,0,0,Germany
2019-06-13,45.46,3,13,2,141,Germany
2019-06-14,0.0,0,0,0,0,Germany
2019-06-15,0.0,0,0,0,0,Germany
2019-06-16,0.0,0,0,0,0,Germany
2019-06-17,254.5,3,84,3,817,Germany
2019-06-18,58.01,1,24,1,244,Germany
2019-06-19,0.0,0,0,0,0,Germany
2019-06-20,52.36,1,16,1,109,Germany
2019-06-21,48.89,1,9,1,73,Germany
2019-06-22,0.0,0,0,0,0,Germany
2019-06-23,2.95,1,1,1,15,Germany
2019-06-24,0.0,0,0,0,0,Germany
2019-06-25,0.0,0,0,0,0,Germany
2019-06-26,0.0,0,0,0,0,Germany
2019-06-27,159.78,3,59,3,614,Germany
2019-06-28,51.89,2,10,2,52,Germany
2019-06-29,0.0,0,0,0,0,Germany
2019-06-30,0.0,0,0,0,0,Germany
2019-07-01,941.46,4,61,3,592,Germany
2019-07-02,0.0,0,0,0,0,Germany
2019-07-03,0.0,0,0,0,0,Germany
2019-07-04,175.46,5,55,4,513,Germany
2019-07-05,157.74,2,60,2,552,Germany
2019-07-06,0.0,0,0,0,0,Germany
2019-07-07,0.0,0,0,0,0,Germany
2019-07-08,0.0,0,0,0,0,Germany
2019-07-09,66.22,3,35,2,351,Germany
2019-07-10,64.88,1,12,1,94,Germany
2019-07-11,76.63,3,29,3,365,Germany
2019-07-12,189.47,2,40,2,361,Germany
2019-07-13,0.0,0,0,0,0,Germany
2019-07-14,42.83,1,9,1,82,Germany
2019-07-15,0.0,0,0,0,0,Germany
2019-07-16,466.89,7,144,6,1246,Germany
2019-07-17,186.66,2,53,2,467,Germany
2019-07-18,242.49,2,65,2,560,Germany
2019-07-19,135.53,1,40,1,348,Germany
2019-07-20,0.0,0,0,0,0,Germany
2019-07-21,90.57,1,43,1,414,Germany
2019-07-22,188.36,2,62,2,549,Germany
2019-07-23,27.75,2,5,2,8,Germany
2019-07-24,32.0,1,9,1,115,Germany
2019-07-25,73.26,1,17,1,122,Germany
2019-07-26,54.24,1,5,1,10,Germany
2019-07-27,0.0,0,0,0,0,Germany
2019-07-28,0.0,0,0,0,0,Germany
2019-07-29,191.23,1,63,1,555,Germany
2019-07-30,198.41,3,67,3,608,Germany
2019-07-31,18.48,1,13,1,116,Germany
2017-11-28,134.25,3,38,3,343,France
2017-11-29,120.02,2,28,2,240,France
2017-11-30,98.15,2,30,2,121,France
2017-12-01,184.73,2,32,2,184,France
2017-12-02,0.0,0,0,0,0,France
2017-12-03,76.38,1,23,1,227,France
2017-12-04,14.96,2,6,2,55,France
2017-12-05,179.6,3,33,2,141,France
2017-12-06,0.0,0,0,0,0,France
2017-12-07,32.2,2,4,1,12,France
2017-12-08,0.0,0,0,0,0,France
2017-12-09,0.0,0,0,0,0,France
2017-12-10,237.22,3,71,3,645,France
2017-12-11,0.0,0,0,0,0,France
2017-12-12,0.0,0,0,0,0,France
2017-12-13,0.0,0,0,0,0,France
2017-12-14,0.0,0,0,0,0,France
2017-12-15,0.0,0,0,0,0,France
2017-12-16,0.0,0,0,0,0,France
2017-12-17,81.33,1,46,1,498,France
2017-12-18,41.5,1,9,1,58,France
2017-12-19,0.0,0,0,0,0,France
2017-12-20,0.0,0,0,0,0,France
2017-12-21,0.0,0,0,0,0,France
2017-12-22,0.0,0,0,0,0,France
2017-12-23,0.0,0,0,0,0,France
2017-12-24,0.0,0,0,0,0,France
2017-12-25,0.0,0,0,0,0,France
2017-12-26,0.0,0,0,0,0,France
2017-12-27,0.0,0,0,0,0,France
2017-12-28,0.0,0,0,0,0,France
2017-12-29,0.0,0,0,0,0,France
2017-12-30,0.0,0,0,0,0,France
2017-12-31,0.0,0,0,0,0,France
2018-01-01,0.0,0,0,0,0,France
2018-01-02,0.0,0,0,0,0,France
2018-01-03,0.0,0,0,0,0,France
2018-01-04,55.99,1,38,1,495,France
2018-01-05,501.19,3,121,3,1210,France
2018-01-06,0.0,0,0,0,0,France
2018-01-07,0.0,0,0,0,0,France
2018-01-08,0.0,0,0,0,0,France
2018-01-09,0.0,0,0,0,0,France
2018-01-10,490.62,3,44,3,306,France
2018-01-11,0.0,0,0,0,0,France
2018-01-12,0.0,0,0,0,0,France
2018-01-13,0.0,0,0,0,0,France
2018-01-14,0.0,0,0,0,0,France
2018-01-15,0.0,0,0,0,0,France
2018-01-16,249.66,3,67,2,592,France
2018-01-17,0.0,0,0,0,0,France
2018-01-18,0.0,0,0,0,0,France
2018-01-19,0.0,0,0,0,0,France
2018-01-20,0.0,0,0,0,0,France
2018-01-21,0.0,0,0,0,0,France
2018-01-22,0.0,0,0,0,0,France
2018-01-23,121.66,2,29,2,273,France
2018-01-24,0.0,0,0,0,0,France
2018-01-25,0.0,0,0,0,0,France
2018-01-26,0.0,0,0,0,0,France
2018-01-27,0.0,0,0,0,0,France
2018-01-28,45.91,1,25,1,264,France
2018-01-29,0.0,0,0,0,0,France
2018-01-30,0.0,0,0,0,0,France
2018-01-31,99.84,1,29,1,266,France
2018-02-01,51.0,1,1,1,1,France
2018-02-02,0.0,0,0,0,0,France
2018-02-03,0.0,0,0,0,0,France
2018-02-04,106.15,1,50,1,476,France
2018-02-05,0.0,0,0,0,0,France
2018-02-06,384.03,5,146,5,1558,France
2018-02-07,0.0,0,0,0,0,France
2018-02-08,305.15,5,56,5,473,France
2018-02-09,112.49,1,18,1,152,France
2018-02-10,0.0,0,0,0,0,France
2018-02-11,0.0,0,0,0,0,France
2018-02-12,0.0,0,0,0,0,France
2018-02-13,0.0,0,0,0,0,France
2018-02-14,0.0,0,0,0,0,France
2018-02-15,0.0,0,0,0,0,France
2018-02-16,0.0,0,0,0,0,France
2018-02-17,0.0,0,0,0,0,France
2018-02-18,0.0,0,0,0,0,France
2018-02-19,1.25,1,1,1,2,France
2018-02-20,223.28,3,56,3,494,France
2018-02-21,0.0,0,0,0,0,France
2018-02-22,58.15,1,20,1,204,France
2018-02-23,0.0,0,0,0,0,France
2018-02-24,0.0,0,0,0,0,France
2018-02-25,0.0,0,0,0,0,France
2018-02-26,92.28,1,37,1,336,France
2018-02-27,291.81,3,65,2,545,France
2018-02-28,68.93,3,20,2,161,France
2018-03-01,40.65,1,12,1,106,France
2018-03-02,65.79,1,19,1,164,France
2018-03-03,0.0,0,0,0,0,France
2018-03-04,0.0,0,0,0,0,France
2018-03-05,11.5,1,4,1,9,France
2018-03-06,145.37,2,41,2,391,France
2018-03-07,12.7,1,4,1,8,France
2018-03-08,0.0,0,0,0,0,France
2018-03-09,107.8,2,26,2,131,France
2018-03-10,0.0,0,0,0,0,France
2018-03-11,0.0,0,0,0,0,France
2018-03-12,131.41,1,50,1,456,France
2018-03-13,0.0,0,0,0,0,France
2018-03-14,0.0,0,0,0,0,France
2018-03-15,168.38,1,61,1,505,France
2018-03-16,0.0,0,0,0,0,France
2018-03-17,0.0,0,0,0,0,France
2018-03-18,0.0,0,0,0,0,France
2018-03-19,0.0,0,0,0,0,France
2018-03-20,0.0,0,0,0,0,France
2018-03-21,102.57,2,32,2,344,France
2018-03-22,26.62,1,10,1,100,France
2018-03-23,24.8,1,4,1,4,France
2018-03-24,0.0,0,0,0,0,France
2018-03-25,0.0,0,0,0,0,France
2018-03-26,0.0,0,0,0,0,France
2018-03-27,12.4,1,4,1,11,France
2018-03-28,0.0,0,0,0,0,France
2018-03-29,60.1,1,26,1,271,France
2018-03-30,0.0,0,0,0,0,France
2018-03-31,0.0,0,0,0,0,France
2018-04-01,0.0,0,0,0,0,France
2018-04-02,0.0,0,0,0,0,France
2018-04-03,0.0,0,0,0,0,France
2018-04-04,19.08,1,9,1,87,France
2018-04-05,0.0,0,0,0,0,France
2018-04-06,96.05,2,23,1,211,France
2018-04-07,0.0,0,0,0,0,France
2018-04-08,0.0,0,0,0,0,France
2018-04-09,0.0,0,0,0,0,France
2018-04-10,0.0,0,0,0,0,France
2018-04-11,196.16,2,47,2,437,France
2018-04-12,0.0,0,0,0,0,France
2018-04-13,2.76,1,5,1,72,France
2018-04-14,0.0,0,0,0,0,France
2018-04-15,0.0,0,0,0,0,France
2018-04-16,0.0,0,0,0,0,France
2018-04-17,0.0,0,0,0,0,France
2018-04-18,135.87,1,49,1,429,France
2018-04-19,3.38,1,2,1,8,France
2018-04-20,61.7,1,12,1,60,France
2018-04-21,0.0,0,0,0,0,France
2018-04-22,0.0,0,0,0,0,France
2018-04-23,0.0,0,0,0,0,France
2018-04-24,0.0,0,0,0,0,France
2018-04-25,178.12,2,68,2,679,France
2018-04-26,12.15,1,3,1,10,France
2018-04-27,0.0,0,0,0,0,France
2018-04-28,0.0,0,0,0,0,France
2018-04-29,0.0,0,0,0,0,France
2018-04-30,0.0,0,0,0,0,France
2018-05-01,0.0,0,0,0,0,France
2018-05-02,0.0,0,0,0,0,France
2018-05-03,465.52,5,152,5,1833,France
2018-05-04,133.75,2,44,2,445,France
2018-05-05,0.0,0,0,0,0,France
2018-05-06,0.0,0,0,0,0,France
2018-05-07,40.36,1,15,1,115,France
2018-05-08,53.41,1,27,1,283,France
2018-05-09,62.49,1,20,1,163,France
2018-05-10,106.88,2,35,2,295,France
2018-05-11,4.6,1,2,1,5,France
2018-05-12,0.0,0,0,0,0,France
2018-05-13,63.2,1,21,1,234,France
2018-05-14,0.0,0,0,0,0,France
2018-05-15,0.0,0,0,0,0,France
2018-05-16,4.2,1,2,1,7,France
2018-05-17,0.0,0,0,0,0,France
2018-05-18,49.65,1,12,1,133,France
2018-05-19,0.0,0,0,0,0,France
2018-05-20,0.0,0,0,0,0,France
2018-05-21,0.0,0,0,0,0,France
2018-05-22,0.0,0,0,0,0,France
2018-05-23,270.08,2,72,2,506,France
2018-05-24,0.0,0,0,0,0,France
2018-05-25,3.8,2,3,1,24,France
2018-05-26,0.0,0,0,0,0,France
2018-05-27,0.0,0,0,0,0,France
2018-05-28,0.0,0,0,0,0,France
2018-05-29,23.8,1,10,1,92,France
2018-05-30,84.15,3,18,3,154,France
2018-05-31,109.41,4,26,4,245,France
2018-06-01,52.62,1,16,1,100,France
2018-06-02,0.0,0,0,0,0,France
2018-06-03,90.04,1,32,1,311,France
2018-06-04,0.0,0,0,0,0,France
2018-06-05,0.0,0,0,0,0,France
2018-06-06,22.0,1,5,1,57,France
2018-06-07,131.89,4,31,4,276,France
2018-06-08,119.69,1,37,1,355,France
2018-06-09,0.0,0,0,0,0,France
2018-06-10,0.0,0,0,0,0,France
2018-06-11,123.31,2,41,2,404,France
2018-06-12,0.0,0,0,0,0,France
2018-06-13,0.0,0,0,0,0,France
2018-06-14,140.59,1,72,1,712,France
2018-06-15,0.0,0,0,0,0,France
2018-06-16,0.0,0,0,0,0,France
2018-06-17,0.0,0,0,0,0,France
2018-06-18,0.0,0,0,0,0,France
2018-06-19,89.0,1,35,1,295,France
2018-06-20,0.0,0,0,0,0,France
2018-06-21,79.63,1,23,1,206,France
2018-06-22,0.0,0,0,0,0,France
2018-06-23,0.0,0,0,0,0,France
2018-06-24,0.0,0,0,0,0,France
2018-06-25,0.0,0,0,0,0,France
2018-06-26,187.24,4,48,4,423,France
2018-06-27,95.88,1,39,1,415,France
2018-06-28,83.08,1,23,1,158,France
2018-06-29,0.0,0,0,0,0,France
2018-06-30,0.0,0,0,0,0,France
2018-07-01,0.0,0,0,0,0,France
2018-07-02,92.12,3,39,3,353,France
2018-07-03,15.55,1,6,1,74,France
2018-07-04,53.5,1,16,1,172,France
2018-07-05,0.0,0,0,0,0,France
2018-07-06,0.0,0,0,0,0,France
2018-07-07,0.0,0,0,0,0,France
2018-07-08,0.0,0,0,0,0,France
2018-07-09,0.0,0,0,0,0,France
2018-07-10,0.0,0,0,0,0,France
2018-07-11,0.0,0,0,0,0,France
2018-07-12,210.4,3,47,3,481,France
2018-07-13,0.0,0,0,0,0,France
2018-07-14,0.0,0,0,0,0,France
2018-07-15,0.0,0,0,0,0,France
2018-07-16,0.0,0,0,0,0,France
2018-07-17,0.0,0,0,0,0,France
2018-07-18,10.45,1,3,1,5,France
2018-07-19,53.71,1,23,1,253,France
2018-07-20,162.41,1,53,1,552,France
2018-07-21,0.0,0,0,0,0,France
2018-07-22,36.61,1,8,1,69,France
2018-07-23,0.0,0,0,0,0,France
2018-07-24,129.21,2,66,1,203,France
2018-07-25,139.5,2,35,2,397,France
2018-07-26,3871.4,4,19,3,135,France
2018-07-27,0.0,0,0,0,0,France
2018-07-28,0.0,0,0,0,0,France
2018-07-29,0.0,0,0,0,0,France
2018-07-30,0.0,0,0,0,0,France
2018-07-31,0.0,0,0,0,0,France
2018-08-01,34.15,1,10,1,98,France
2018-08-02,42.15,2,8,2,20,France
2018-08-03,0.0,0,0,0,0,France
2018-08-04,0.0,0,0,0,0,France
2018-08-05,0.0,0,0,0,0,France
2018-08-06,160.85,2,84,2,943,France
2018-08-07,0.0,0,0,0,0,France
2018-08-08,0.0,0,0,0,0,France
2018-08-09,0.0,0,0,0,0,France
2018-08-10,0.0,0,0,0,0,France
2018-08-11,0.0,0,0,0,0,France
2018-08-12,31.56,1,10,1,101,France
2018-08-13,0.0,0,0,0,0,France
2018-08-14,0.0,0,0,0,0,France
2018-08-15,0.0,0,0,0,0,France
2018-08-16,0.0,0,0,0,0,France
2018-08-17,0.0,0,0,0,0,France
2018-08-18,0.0,0,0,0,0,France
2018-08-19,0.0,0,0,0,0,France
2018-08-20,32.69,1,22,1,270,France
2018-08-21,0.0,0,0,0,0,France
2018-08-22,308.37,3,67,3,528,France
2018-08-23,0.0,0,0,0,0,France
2018-08-24,0.0,0,0,0,0,France
2018-08-25,0.0,0,0,0,0,France
2018-08-26,0.0,0,0,0,0,France
2018-08-27,0.0,0,0,0,0,France
2018-08-28,39.08,2,17,2,121,France
2018-08-29,38.55,1,9,1,14,France
2018-08-30,2507.35,6,69,3,638,France
2018-08-31,156.85,2,41,2,356,France
2018-09-01,0.0,0,0,0,0,France
2018-09-02,27.05,1,8,1,90,France
2018-09-03,59.34,1,24,1,230,France
2018-09-04,52.34,1,17,1,143,France
2018-09-05,52.59,1,15,1,128,France
2018-09-06,521.81,4,144,4,1563,France
2018-09-07,32.65,1,3,1,7,France
2018-09-08,0.0,0,0,0,0,France
2018-09-09,0.0,0,0,0,0,France
2018-09-10,22.7,1,2,1,5,France
2018-09-11,120.99,2,34,2,313,France
2018-09-12,18.0,1,1,1,1,France
2018-09-13,21.35,1,4,1,41,France
2018-09-14,4.95,1,1,1,0,France
2018-09-15,0.0,0,0,0,0,France
2018-09-16,0.0,0,0,0,0,France
2018-09-17,84.11,3,12,2,88,France
2018-09-18,0.0,0,0,0,0,France
2018-09-19,98.3,1,36,1,302,France
2018-09-20,169.4,3,60,3,711,France
2018-09-21,0.0,0,0,0,0,France
2018-09-22,0.0,0,0,0,0,France
2018-09-23,0.0,0,0,0,0,France
2018-09-24,0.0,0,0,0,0,France
2018-09-25,6.81,1,45,1,79,France
2018-09-26,3.4,1,2,1,5,France
2018-09-27,90.34,3,32,3,311,France
2018-09-28,0.0,0,0,0,0,France
2018-09-29,0.0,0,0,0,0,France
2018-09-30,102.92,2,38,2,472,France
2018-10-01,56.11,2,26,2,262,France
2018-10-02,60.8,1,10,1,83,France
2018-10-03,0.0,0,0,0,0,France
2018-10-04,0.0,0,0,0,0,France
2018-10-05,0.0,0,0,0,0,France
2018-10-06,0.0,0,0,0,0,France
2018-10-07,122.27,1,47,1,424,France
2018-10-08,212.57,3,89,3,851,France
2018-10-09,248.57,3,46,3,359,France
2018-10-10,129.43,2,40,2,431,France
2018-10-11,320.89,4,69,2,1038,France
2018-10-12,99.91,2,26,2,214,France
2018-10-13,0.0,0,0,0,0,France
2018-10-14,0.0,0,0,0,0,France
2018-10-15,0.0,0,0,0,0,France
2018-10-16,0.0,0,0,0,0,France
2018-10-17,60.06,3,16,3,151,France
2018-10-18,11.4,1,2,1,1,France
2018-10-19,181.49,3,52,2,472,France
2018-10-20,0.0,0,0,0,0,France
2018-10-21,211.1,3,88,2,293,France
2018-10-22,16.55,2,3,2,7,France
2018-10-23,127.54,2,65,1,279,France
2018-10-24,0.0,0,0,0,0,France
2018-10-25,0.0,0,0,0,0,France
2018-10-26,12.55,1,5,1,31,France
2018-10-27,0.0,0,0,0,0,France
2018-10-28,0.0,0,0,0,0,France
2018-10-29,7.5,1,2,1,3,France
2018-10-30,85.85,1,30,1,306,France
2018-10-31,0.0,0,0,0,0,France
2018-11-01,0.0,0,0,0,0,France
2018-11-02,0.0,0,0,0,0,France
2018-11-03,0.0,0,0,0,0,France
2018-11-04,109.89,2,29,2,252,France
2018-11-05,19.3,2,4,2,6,France
2018-11-06,405.52,5,100,3,947,France
2018-11-07,49.85,1,10,1,93,France
2018-11-08,215.19,2,82,2,290,France
2018-11-09,37.86,2,21,1,144,France
2018-11-10,0.0,0,0,0,0,France
2018-11-11,13.35,1,14,0,145,France
2018-11-12,0.0,0,0,0,0,France
2018-11-13,361.49,4,109,4,1074,France
2018-11-14,29.82,1,12,1,123,France
2018-11-15,0.0,0,0,0,0,France
2018-11-16,613.59,7,108,7,1261,France
2018-11-17,0.0,0,0,0,0,France
2018-11-18,186.56,3,51,3,336,France
2018-11-19,196.5,2,79,2,754,France
2018-11-20,205.28,4,119,3,454,France
2018-11-21,0.0,0,0,0,0,France
2018-11-22,0.0,0,0,0,0,France
2018-11-23,318.22,4,99,4,914,France
2018-11-24,0.0,0,0,0,0,France
2018-11-25,0.0,0,0,0,0,France
2018-11-26,33.25,2,16,2,164,France
2018-11-27,60.85,2,11,2,64,France
2018-11-28,82.96,1,20,1,448,France
2018-11-29,0.0,0,0,0,0,France
2018-11-30,91.14,2,22,2,247,France
2018-12-01,0.0,0,0,0,0,France
2018-12-02,293.23,1,63,1,583,France
2018-12-03,0.0,0,0,0,0,France
2018-12-04,203.61,2,60,2,663,France
2018-12-05,41.97,1,11,1,107,France
2018-12-06,323.22,5,84,4,1048,France
2018-12-07,58.5,1,16,1,156,France
2018-12-08,0.0,0,0,0,0,France
2018-12-09,0.0,0,0,0,0,France
2018-12-10,0.0,0,0,0,0,France
2018-12-11,0.0,0,0,0,0,France
2018-12-12,117.72,1,67,1,134,France
2018-12-13,6.25,3,2,1,9,France
2018-12-14,56.09,2,10,2,100,France
2018-12-15,0.0,0,0,0,0,France
2018-12-16,0.0,0,0,0,0,France
2018-12-17,188.83,2,60,2,549,France
2018-12-18,175.39,2,5,1,26,France
2018-12-19,4.74,1,4,1,80,France
2018-12-20,0.0,0,0,0,0,France
2018-12-21,0.0,0,0,0,0,France
2018-12-22,0.0,0,0,0,0,France
2018-12-23,0.0,0,0,0,0,France
2018-12-24,0.0,0,0,0,0,France
2018-12-25,0.0,0,0,0,0,France
2018-12-26,0.0,0,0,0,0,France
2018-12-27,0.0,0,0,0,0,France
2018-12-28,0.0,0,0,0,0,France
2018-12-29,0.0,0,0,0,0,France
2018-12-30,0.0,0,0,0,0,France
2018-12-31,0.0,0,0,0,0,France
2019-01-01,0.0,0,0,0,0,France
2019-01-02,255.28,4,66,4,655,France
2019-01-03,235.55,3,44,2,315,France
2019-01-04,155.81,2,34,2,296,France
2019-01-05,0.0,0,0,0,0,France
2019-01-06,20.2,1,9,1,78,France
2019-01-07,148.73,1,50,1,466,France
2019-01-08,128.14,4,27,4,253,France
2019-01-09,241.27,4,60,4,532,France
2019-01-10,0.0,0,0,0,0,France
2019-01-11,224.53,3,82,3,891,France
2019-01-12,0.0,0,0,0,0,France
2019-01-13,0.0,0,0,0,0,France
2019-01-14,74.83,1,21,1,241,France
2019-01-15,0.0,0,0,0,0,France
2019-01-16,96.66,1,31,1,289,France
2019-01-17,227.82,2,73,2,649,France
2019-01-18,5.45,1,3,1,6,France
2019-01-19,0.0,0,0,0,0,France
2019-01-20,60.4,1,12,1,90,France
2019-01-21,20.55,1,9,1,79,France
2019-01-22,24.75,3,4,3,9,France
2019-01-23,0.0,0,0,0,0,France
2019-01-24,5.45,1,3,1,6,France
2019-01-25,239.8,3,47,3,372,France
2019-01-26,0.0,0,0,0,0,France
2019-01-27,0.0,0,0,0,0,France
2019-01-28,188.77,3,63,3,637,France
2019-01-29,82.05,1,19,1,165,France
2019-01-30,108.49,2,28,2,280,France
2019-01-31,0.0,0,0,0,0,France
2019-02-01,157.94,1,63,1,570,France
2019-02-02,0.0,0,0,0,0,France
2019-02-03,0.0,0,0,0,0,France
2019-02-04,0.0,0,0,0,0,France
2019-02-05,30.59,1,14,1,139,France
2019-02-06,86.13,1,27,1,234,France
2019-02-07,28.71,1,13,1,146,France
2019-02-08,0.0,0,0,0,0,France
2019-02-09,0.0,0,0,0,0,France
2019-02-10,0.0,0,0,0,0,France
2019-02-11,0.42,1,1,1,1,France
2019-02-12,63.2,2,11,2,102,France
2019-02-13,91.32,2,48,1,538,France
2019-02-14,57.7,1,16,1,116,France
2019-02-15,130.38,3,55,2,579,France
2019-02-16,0.0,0,0,0,0,France
2019-02-17,0.0,0,0,0,0,France
2019-02-18,151.43,2,40,2,320,France
2019-02-19,7.9,2,3,2,1,France
2019-02-20,49.33,2,21,1,245,France
2019-02-21,0.0,0,0,0,0,France
2019-02-22,0.0,0,0,0,0,France
2019-02-23,0.0,0,0,0,0,France
2019-02-24,23.85,1,5,1,50,France
2019-02-25,215.4,4,54,4,462,France
2019-02-26,184.89,2,56,2,497,France
2019-02-27,0.0,0,0,0,0,France
2019-02-28,104.76,2,29,1,273,France
2019-03-01,66.85,1,16,1,114,France
2019-03-02,0.0,0,0,0,0,France
2019-03-03,0.0,0,0,0,0,France
2019-03-04,0.85,1,1,1,0,France
2019-03-05,13.85,1,3,1,8,France
2019-03-06,0.0,0,0,0,0,France
2019-03-07,0.0,0,0,0,0,France
2019-03-08,94.95,1,20,1,179,France
2019-03-09,0.0,0,0,0,0,France
2019-03-10,53.82,1,18,1,160,France
2019-03-11,92.1,1,21,1,166,France
2019-03-12,76.27,2,30,2,272,France
2019-03-13,79.34,2,16,2,113,France
2019-03-14,0.0,0,0,0,0,France
2019-03-15,0.0,0,0,0,0,France
2019-03-16,0.0,0,0,0,0,France
2019-03-17,30.78,1,15,1,154,France
2019-03-18,85.56,2,42,1,88,France
2019-03-19,125.74,1,31,1,201,France
2019-03-20,223.02,4,65,3,687,France
2019-03-21,0.0,0,0,0,0,France
2019-03-22,63.21,1,23,1,210,France
2019-03-23,0.0,0,0,0,0,France
2019-03-24,63.05,1,8,1,53,France
2019-03-25,156.69,1,69,1,684,France
2019-03-26,0.0,0,0,0,0,France
2019-03-27,0.0,0,0,0,0,France
2019-03-28,214.69,3,71,2,718,France
2019-03-29,32.22,3,13,3,138,France
2019-03-30,0.0,0,0,0,0,France
2019-03-31,0.0,0,0,0,0,France
2019-04-01,217.7,2,27,2,212,France
2019-04-02,2272.6,2,1,1,3,France
2019-04-03,0.0,0,0,0,0,France
2019-04-04,90.3,1,24,1,185,France
2019-04-05,0.0,0,0,0,0,France
2019-04-06,0.0,0,0,0,0,France
2019-04-07,0.0,0,0,0,0,France
2019-04-08,12.75,1,1,1,2,France
2019-04-09,0.0,0,0,0,0,France
2019-04-10,0.0,0,0,0,0,France
2019-04-11,143.16,2,31,1,241,France
2019-04-12,0.0,0,0,0,0,France
2019-04-13,0.0,0,0,0,0,France
2019-04-14,91.69,2,31,2,265,France
2019-04-15,12.25,1,2,1,2,France
2019-04-16,0.0,0,0,0,0,France
2019-04-17,76.05,1,18,1,148,France
2019-04-18,146.05,2,45,2,255,France
2019-04-19,0.0,0,0,0,0,France
2019-04-20,0.0,0,0,0,0,France
2019-04-21,0.0,0,0,0,0,France
2019-04-22,0.0,0,0,0,0,France
2019-04-23,58.7,1,26,1,84,France
2019-04-24,5.95,1,1,1,2,France
2019-04-25,37.85,1,8,1,64,France
2019-04-26,0.0,0,0,0,0,France
2019-04-27,0.0,0,0,0,0,France
2019-04-28,0.0,0,0,0,0,France
2019-04-29,0.0,0,0,0,0,France
2019-04-30,153.97,6,47,3,518,France
2019-05-01,0.0,0,0,0,0,France
2019-05-02,38.6,1,11,1,100,France
2019-05-03,0.0,0,0,0,0,France
2019-05-04,0.0,0,0,0,0,France
2019-05-05,152.96,2,62,1,642,France
2019-05-06,82.82,3,27,3,266,France
2019-05-07,57.4,1,30,1,298,France
2019-05-08,379.14,2,93,2,644,France
2019-05-09,51.84,1,12,1,93,France
2019-05-10,204.94,3,50,3,445,France
2019-05-11,0.0,0,0,0,0,France
2019-05-12,26.65,1,10,1,122,France
2019-05-13,135.34,3,23,3,227,France
2019-05-14,136.61,1,45,1,433,France
2019-05-15,160.59,3,26,3,233,France
2019-05-16,154.96,2,48,2,439,France
2019-05-17,99.75,2,16,2,124,France
2019-05-18,0.0,0,0,0,0,France
2019-05-19,208.33,2,41,2,292,France
2019-05-20,43.85,1,20,1,204,France
2019-05-21,42.73,1,13,1,112,France
2019-05-22,215.97,3,55,3,560,France
2019-05-23,94.5,2,25,2,240,France
2019-05-24,81.11,1,21,1,157,France
2019-05-25,0.0,0,0,0,0,France
2019-05-26,0.0,0,0,0,0,France
2019-05-27,0.0,0,0,0,0,France
2019-05-28,81.46,2,19,2,153,France
2019-05-29,0.0,0,0,0,0,France
2019-05-30,0.0,0,0,0,0,France
2019-05-31,0.0,0,0,0,0,France
2019-06-01,0.0,0,0,0,0,France
2019-06-02,246.74,3,66,3,723,France
2019-06-03,70.4,1,18,1,115,France
2019-06-04,0.0,0,0,0,0,France
2019-06-05,217.47,5,59,3,832,France
2019-06-06,182.19,2,55,2,449,France
2019-06-07,23.1,1,3,1,38,France
2019-06-08,0.0,0,0,0,0,France
2019-06-09,36.41,1,14,1,116,France
2019-06-10,379.27,3,88,3,800,France
2019-06-11,0.0,0,0,0,0,France
2019-06-12,266.83,5,73,3,625,France
2019-06-13,73.48,1,28,1,261,France
2019-06-14,101.19,2,24,2,221,France
2019-06-15,0.0,0,0,0,0,France
2019-06-16,28.33,1,7,1,63,France
2019-06-17,88.09,2,21,2,207,France
2019-06-18,40.86,1,12,1,108,France
2019-06-19,90.12,2,32,2,312,France
2019-06-20,0.0,0,0,0,0,France
2019-06-21,84.15,1,31,1,317,France
2019-06-22,0.0,0,0,0,0,France
2019-06-23,0.0,0,0,0,0,France
2019-06-24,33.75,1,10,1,98,France
2019-06-25,26.62,1,8,1,84,France
2019-06-26,0.0,0,0,0,0,France
2019-06-27,1.25,1,1,1,4,France
2019-06-28,79.75,2,25,2,252,France
2019-06-29,0.0,0,0,0,0,France
2019-06-30,0.0,0,0,0,0,France
2019-07-01,46.43,1,16,1,180,France
2019-07-02,118.35,2,33,2,286,France
2019-07-03,153.84,1,60,1,487,France
2019-07-04,0.0,0,0,0,0,France
2019-07-05,207.43,3,63,3,523,France
2019-07-06,0.0,0,0,0,0,France
2019-07-07,0.0,0,0,0,0,France
2019-07-08,132.39,2,31,2,217,France
2019-07-09,256.96,4,67,3,524,France
2019-07-10,159.4,1,10,1,114,France
2019-07-11,0.0,0,0,0,0,France
2019-07-12,0.0,0,0,0,0,France
2019-07-13,0.0,0,0,0,0,France
2019-07-14,33.05,1,6,1,47,France
2019-07-15,132.25,2,42,2,448,France
2019-07-16,28.7,1,5,1,33,France
2019-07-17,0.0,0,0,0,0,France
2019-07-18,29.7,1,2,1,5,France
2019-07-19,0.0,0,0,0,0,France
2019-07-20,0.0,0,0,0,0,France
2019-07-21,60.52,1,24,1,223,France
2019-07-22,0.0,0,0,0,0,France
2019-07-23,0.0,0,0,0,0,France
2019-07-24,50.74,1,13,1,106,France
2019-07-25,29.7,1,2,1,6,France
2019-07-26,104.3,1,45,1,411,France
2019-07-27,0.0,0,0,0,0,France
2019-07-28,0.0,0,0,0,0,France
2019-07-29,0.0,0,0,0,0,France
2019-07-30,8.25,1,5,1,52,France
2019-07-31,27.71,1,8,1,77,France
2017-12-04,123.28,1,21,1,175,Norway
2017-12-05,0.0,0,0,0,0,Norway
2017-12-06,0.0,0,0,0,0,Norway
2017-12-07,0.0,0,0,0,0,Norway
2017-12-08,0.0,0,0,0,0,Norway
2017-12-09,0.0,0,0,0,0,Norway
2017-12-10,0.0,0,0,0,0,Norway
2017-12-11,0.0,0,0,0,0,Norway
2017-12-12,0.0,0,0,0,0,Norway
2017-12-13,0.0,0,0,0,0,Norway
2017-12-14,0.0,0,0,0,0,Norway
2017-12-15,0.0,0,0,0,0,Norway
2017-12-16,0.0,0,0,0,0,Norway
2017-12-17,0.0,0,0,0,0,Norway
2017-12-18,0.0,0,0,0,0,Norway
2017-12-19,0.0,0,0,0,0,Norway
2017-12-20,0.0,0,0,0,0,Norway
2017-12-21,0.0,0,0,0,0,Norway
2017-12-22,0.0,0,0,0,0,Norway
2017-12-23,0.0,0,0,0,0,Norway
2017-12-24,0.0,0,0,0,0,Norway
2017-12-25,0.0,0,0,0,0,Norway
2017-12-26,0.0,0,0,0,0,Norway
2017-12-27,0.0,0,0,0,0,Norway
2017-12-28,0.0,0,0,0,0,Norway
2017-12-29,0.0,0,0,0,0,Norway
2017-12-30,0.0,0,0,0,0,Norway
2017-12-31,0.0,0,0,0,0,Norway
2018-01-01,0.0,0,0,0,0,Norway
2018-01-02,0.0,0,0,0,0,Norway
2018-01-03,0.0,0,0,0,0,Norway
2018-01-04,0.0,0,0,0,0,Norway
2018-01-05,0.0,0,0,0,0,Norway
2018-01-06,0.0,0,0,0,0,Norway
2018-01-07,0.0,0,0,0,0,Norway
2018-01-08,0.0,0,0,0,0,Norway
2018-01-09,0.0,0,0,0,0,Norway
2018-01-10,0.0,0,0,0,0,Norway
2018-01-11,0.0,0,0,0,0,Norway
2018-01-12,0.0,0,0,0,0,Norway
2018-01-13,0.0,0,0,0,0,Norway
2018-01-14,0.0,0,0,0,0,Norway
2018-01-15,0.0,0,0,0,0,Norway
2018-01-16,0.0,0,0,0,0,Norway
2018-01-17,0.0,0,0,0,0,Norway
2018-01-18,0.0,0,0,0,0,Norway
2018-01-19,0.0,0,0,0,0,Norway
2018-01-20,0.0,0,0,0,0,Norway
2018-01-21,0.0,0,0,0,0,Norway
2018-01-22,0.0,0,0,0,0,Norway
2018-01-23,0.0,0,0,0,0,Norway
2018-01-24,0.0,0,0,0,0,Norway
2018-01-25,0.0,0,0,0,0,Norway
2018-01-26,0.0,0,0,0,0,Norway
2018-01-27,0.0,0,0,0,0,Norway
2018-01-28,0.0,0,0,0,0,Norway
2018-01-29,0.0,0,0,0,0,Norway
2018-01-30,0.0,0,0,0,0,Norway
2018-01-31,0.0,0,0,0,0,Norway
2018-02-01,0.0,0,0,0,0,Norway
2018-02-02,0.0,0,0,0,0,Norway
2018-02-03,0.0,0,0,0,0,Norway
2018-02-04,0.0,0,0,0,0,Norway
2018-02-05,0.0,0,0,0,0,Norway
2018-02-06,0.0,0,0,0,0,Norway
2018-02-07,0.0,0,0,0,0,Norway
2018-02-08,0.0,0,0,0,0,Norway
2018-02-09,0.0,0,0,0,0,Norway
2018-02-10,0.0,0,0,0,0,Norway
2018-02-11,0.0,0,0,0,0,Norway
2018-02-12,0.0,0,0,0,0,Norway
2018-02-13,0.0,0,0,0,0,Norway
2018-02-14,0.0,0,0,0,0,Norway
2018-02-15,0.0,0,0,0,0,Norway
2018-02-16,0.0,0,0,0,0,Norway
2018-02-17,0.0,0,0,0,0,Norway
2018-02-18,0.0,0,0,0,0,Norway
2018-02-19,0.0,0,0,0,0,Norway
2018-02-20,0.0,0,0,0,0,Norway
2018-02-21,0.0,0,0,0,0,Norway
2018-02-22,0.0,0,0,0,0,Norway
2018-02-23,0.0,0,0,0,0,Norway
2018-02-24,0.0,0,0,0,0,Norway
2018-02-25,0.0,0,0,0,0,Norway
2018-02-26,0.0,0,0,0,0,Norway
2018-02-27,0.0,0,0,0,0,Norway
2018-02-28,0.0,0,0,0,0,Norway
2018-03-01,0.0,0,0,0,0,Norway
2018-03-02,0.0,0,0,0,0,Norway
2018-03-03,0.0,0,0,0,0,Norway
2018-03-04,0.0,0,0,0,0,Norway
2018-03-05,0.0,0,0,0,0,Norway
2018-03-06,0.0,0,0,0,0,Norway
2018-03-07,0.0,0,0,0,0,Norway
2018-03-08,0.0,0,0,0,0,Norway
2018-03-09,0.0,0,0,0,0,Norway
2018-03-10,0.0,0,0,0,0,Norway
2018-03-11,0.0,0,0,0,0,Norway
2018-03-12,0.0,0,0,0,0,Norway
2018-03-13,0.0,0,0,0,0,Norway
2018-03-14,0.0,0,0,0,0,Norway
2018-03-15,0.0,0,0,0,0,Norway
2018-03-16,33628.55,5,1,1,11,Norway
2018-03-17,0.0,0,0,0,0,Norway
2018-03-18,0.0,0,0,0,0,Norway
2018-03-19,0.0,0,0,0,0,Norway
2018-03-20,0.0,0,0,0,0,Norway
2018-03-21,0.0,0,0,0,0,Norway
2018-03-22,0.0,0,0,0,0,Norway
2018-03-23,0.0,0,0,0,0,Norway
2018-03-24,0.0,0,0,0,0,Norway
2018-03-25,0.0,0,0,0,0,Norway
2018-03-26,0.0,0,0,0,0,Norway
2018-03-27,0.0,0,0,0,0,Norway
2018-03-28,0.0,0,0,0,0,Norway
2018-03-29,0.0,0,0,0,0,Norway
2018-03-30,0.0,0,0,0,0,Norway
2018-03-31,0.0,0,0,0,0,Norway
2018-04-01,0.0,0,0,0,0,Norway
2018-04-02,0.0,0,0,0,0,Norway
2018-04-03,0.0,0,0,0,0,Norway
2018-04-04,0.0,0,0,0,0,Norway
2018-04-05,0.0,0,0,0,0,Norway
2018-04-06,0.0,0,0,0,0,Norway
2018-04-07,0.0,0,0,0,0,Norway
2018-04-08,0.0,0,0,0,0,Norway
2018-04-09,0.0,0,0,0,0,Norway
2018-04-10,0.0,0,0,0,0,Norway
2018-04-11,0.0,0,0,0,0,Norway
2018-04-12,0.0,0,0,0,0,Norway
2018-04-13,0.0,0,0,0,0,Norway
2018-04-14,0.0,0,0,0,0,Norway
2018-04-15,0.0,0,0,0,0,Norway
2018-04-16,0.0,0,0,0,0,Norway
2018-04-17,0.0,0,0,0,0,Norway
2018-04-18,0.0,0,0,0,0,Norway
2018-04-19,0.0,0,0,0,0,Norway
2018-04-20,0.0,0,0,0,0,Norway
2018-04-21,0.0,0,0,0,0,Norway
2018-04-22,0.0,0,0,0,0,Norway
2018-04-23,0.0,0,0,0,0,Norway
2018-04-24,0.0,0,0,0,0,Norway
2018-04-25,0.0,0,0,0,0,Norway
2018-04-26,0.0,0,0,0,0,Norway
2018-04-27,0.0,0,0,0,0,Norway
2018-04-28,0.0,0,0,0,0,Norway
2018-04-29,0.0,0,0,0,0,Norway
2018-04-30,0.0,0,0,0,0,Norway
2018-05-01,0.0,0,0,0,0,Norway
2018-05-02,0.0,0,0,0,0,Norway
2018-05-03,0.0,0,0,0,0,Norway
2018-05-04,0.0,0,0,0,0,Norway
2018-05-05,0.0,0,0,0,0,Norway
2018-05-06,0.0,0,0,0,0,Norway
2018-05-07,0.0,0,0,0,0,Norway
2018-05-08,0.0,0,0,0,0,Norway
2018-05-09,0.0,0,0,0,0,Norway
2018-05-10,0.0,0,0,0,0,Norway
2018-05-11,0.0,0,0,0,0,Norway
2018-05-12,0.0,0,0,0,0,Norway
2018-05-13,0.0,0,0,0,0,Norway
2018-05-14,0.0,0,0,0,0,Norway
2018-05-15,0.0,0,0,0,0,Norway
2018-05-16,0.0,0,0,0,0,Norway
2018-05-17,0.0,0,0,0,0,Norway
2018-05-18,0.0,0,0,0,0,Norway
2018-05-19,0.0,0,0,0,0,Norway
2018-05-20,0.0,0,0,0,0,Norway
2018-05-21,0.0,0,0,0,0,Norway
2018-05-22,0.0,0,0,0,0,Norway
2018-05-23,0.0,0,0,0,0,Norway
2018-05-24,0.0,0,0,0,0,Norway
2018-05-25,0.0,0,0,0,0,Norway
2018-05-26,0.0,0,0,0,0,Norway
2018-05-27,0.0,0,0,0,0,Norway
2018-05-28,0.0,0,0,0,0,Norway
2018-05-29,0.0,0,0,0,0,Norway
2018-05-30,0.0,0,0,0,0,Norway
2018-05-31,0.0,0,0,0,0,Norway
2018-06-01,0.0,0,0,0,0,Norway
2018-06-02,0.0,0,0,0,0,Norway
2018-06-03,0.0,0,0,0,0,Norway
2018-06-04,0.0,0,0,0,0,Norway
2018-06-05,0.0,0,0,0,0,Norway
2018-06-06,0.0,0,0,0,0,Norway
2018-06-07,0.0,0,0,0,0,Norway
2018-06-08,0.0,0,0,0,0,Norway
2018-06-09,0.0,0,0,0,0,Norway
2018-06-10,0.0,0,0,0,0,Norway
2018-06-11,0.0,0,0,0,0,Norway
2018-06-12,0.0,0,0,0,0,Norway
2018-06-13,0.0,0,0,0,0,Norway
2018-06-14,0.0,0,0,0,0,Norway
2018-06-15,0.0,0,0,0,0,Norway
2018-06-16,0.0,0,0,0,0,Norway
2018-06-17,0.0,0,0,0,0,Norway
2018-06-18,0.0,0,0,0,0,Norway
2018-06-19,0.0,0,0,0,0,Norway
2018-06-20,0.0,0,0,0,0,Norway
2018-06-21,0.0,0,0,0,0,Norway
2018-06-22,0.0,0,0,0,0,Norway
2018-06-23,0.0,0,0,0,0,Norway
2018-06-24,0.0,0,0,0,0,Norway
2018-06-25,0.0,0,0,0,0,Norway
2018-06-26,0.0,0,0,0,0,Norway
2018-06-27,0.0,0,0,0,0,Norway
2018-06-28,0.0,0,0,0,0,Norway
2018-06-29,0.0,0,0,0,0,Norway
2018-06-30,0.0,0,0,0,0,Norway
2018-07-01,0.0,0,0,0,0,Norway
2018-07-02,0.0,0,0,0,0,Norway
2018-07-03,0.0,0,0,0,0,Norway
2018-07-04,0.0,0,0,0,0,Norway
2018-07-05,0.0,0,0,0,0,Norway
2018-07-06,0.0,0,0,0,0,Norway
2018-07-07,0.0,0,0,0,0,Norway
2018-07-08,0.0,0,0,0,0,Norway
2018-07-09,0.0,0,0,0,0,Norway
2018-07-10,0.0,0,0,0,0,Norway
2018-07-11,0.0,0,0,0,0,Norway
2018-07-12,0.0,0,0,0,0,Norway
2018-07-13,0.0,0,0,0,0,Norway
2018-07-14,0.0,0,0,0,0,Norway
2018-07-15,0.0,0,0,0,0,Norway
2018-07-16,0.0,0,0,0,0,Norway
2018-07-17,0.0,0,0,0,0,Norway
2018-07-18,0.0,0,0,0,0,Norway
2018-07-19,0.0,0,0,0,0,Norway
2018-07-20,0.0,0,0,0,0,Norway
2018-07-21,0.0,0,0,0,0,Norway
2018-07-22,0.0,0,0,0,0,Norway
2018-07-23,0.0,0,0,0,0,Norway
2018-07-24,0.0,0,0,0,0,Norway
2018-07-25,0.0,0,0,0,0,Norway
2018-07-26,0.0,0,0,0,0,Norway
2018-07-27,0.0,0,0,0,0,Norway
2018-07-28,0.0,0,0,0,0,Norway
2018-07-29,0.0,0,0,0,0,Norway
2018-07-30,0.0,0,0,0,0,Norway
2018-07-31,0.0,0,0,0,0,Norway
2018-08-01,0.0,0,0,0,0,Norway
2018-08-02,0.0,0,0,0,0,Norway
2018-08-03,0.0,0,0,0,0,Norway
2018-08-04,0.0,0,0,0,0,Norway
2018-08-05,0.0,0,0,0,0,Norway
2018-08-06,0.0,0,0,0,0,Norway
2018-08-07,0.0,0,0,0,0,Norway
2018-08-08,0.0,0,0,0,0,Norway
2018-08-09,0.0,0,0,0,0,Norway
2018-08-10,0.0,0,0,0,0,Norway
2018-08-11,0.0,0,0,0,0,Norway
2018-08-12,0.0,0,0,0,0,Norway
2018-08-13,0.0,0,0,0,0,Norway
2018-08-14,0.0,0,0,0,0,Norway
2018-08-15,0.0,0,0,0,0,Norway
2018-08-16,0.0,0,0,0,0,Norway
2018-08-17,154.8,2,9,1,122,Norway
2018-08-18,0.0,0,0,0,0,Norway
2018-08-19,0.0,0,0,0,0,Norway
2018-08-20,0.0,0,0,0,0,Norway
2018-08-21,0.0,0,0,0,0,Norway
2018-08-22,0.0,0,0,0,0,Norway
2018-08-23,0.0,0,0,0,0,Norway
2018-08-24,0.0,0,0,0,0,Norway
2018-08-25,0.0,0,0,0,0,Norway
2018-08-26,0.0,0,0,0,0,Norway
2018-08-27,0.0,0,0,0,0,Norway
2018-08-28,0.0,0,0,0,0,Norway
2018-08-29,0.0,0,0,0,0,Norway
2018-08-30,0.0,0,0,0,0,Norway
2018-08-31,0.0,0,0,0,0,Norway
2018-09-01,0.0,0,0,0,0,Norway
2018-09-02,0.0,0,0,0,0,Norway
2018-09-03,0.0,0,0,0,0,Norway
2018-09-04,0.0,0,0,0,0,Norway
2018-09-05,0.0,0,0,0,0,Norway
2018-09-06,0.0,0,0,0,0,Norway
2018-09-07,0.0,0,0,0,0,Norway
2018-09-08,0.0,0,0,0,0,Norway
2018-09-09,0.0,0,0,0,0,Norway
2018-09-10,0.0,0,0,0,0,Norway
2018-09-11,0.0,0,0,0,0,Norway
2018-09-12,0.0,0,0,0,0,Norway
2018-09-13,139.74,1,53,1,498,Norway
2018-09-14,0.0,0,0,0,0,Norway
2018-09-15,0.0,0,0,0,0,Norway
2018-09-16,0.0,0,0,0,0,Norway
2018-09-17,0.0,0,0,0,0,Norway
2018-09-18,0.0,0,0,0,0,Norway
2018-09-19,0.0,0,0,0,0,Norway
2018-09-20,0.0,0,0,0,0,Norway
2018-09-21,0.0,0,0,0,0,Norway
2018-09-22,0.0,0,0,0,0,Norway
2018-09-23,0.0,0,0,0,0,Norway
2018-09-24,0.0,0,0,0,0,Norway
2018-09-25,0.0,0,0,0,0,Norway
2018-09-26,0.0,0,0,0,0,Norway
2018-09-27,0.0,0,0,0,0,Norway
2018-09-28,0.0,0,0,0,0,Norway
2018-09-29,0.0,0,0,0,0,Norway
2018-09-30,0.0,0,0,0,0,Norway
2018-10-01,0.0,0,0,0,0,Norway
2018-10-02,0.0,0,0,0,0,Norway
2018-10-03,0.0,0,0,0,0,Norway
2018-10-04,0.0,0,0,0,0,Norway
2018-10-05,0.0,0,0,0,0,Norway
2018-10-06,0.0,0,0,0,0,Norway
2018-10-07,0.0,0,0,0,0,Norway
2018-10-08,0.0,0,0,0,0,Norway
2018-10-09,0.0,0,0,0,0,Norway
2018-10-10,0.0,0,0,0,0,Norway
2018-10-11,0.0,0,0,0,0,Norway
2018-10-12,0.0,0,0,0,0,Norway
2018-10-13,0.0,0,0,0,0,Norway
2018-10-14,0.0,0,0,0,0,Norway
2018-10-15,0.0,0,0,0,0,Norway
2018-10-16,0.0,0,0,0,0,Norway
2018-10-17,0.0,0,0,0,0,Norway
2018-10-18,0.0,0,0,0,0,Norway
2018-10-19,0.0,0,0,0,0,Norway
2018-10-20,0.0,0,0,0,0,Norway
2018-10-21,0.0,0,0,0,0,Norway
2018-10-22,0.0,0,0,0,0,Norway
2018-10-23,0.0,0,0,0,0,Norway
2018-10-24,0.0,0,0,0,0,Norway
2018-10-25,0.0,0,0,0,0,Norway
2018-10-26,0.0,0,0,0,0,Norway
2018-10-27,0.0,0,0,0,0,Norway
2018-10-28,0.0,0,0,0,0,Norway
2018-10-29,0.0,0,0,0,0,Norway
2018-10-30,0.0,0,0,0,0,Norway
2018-10-31,65.76,1,38,1,432,Norway
2018-11-01,0.0,0,0,0,0,Norway
2018-11-02,195.29,1,78,1,801,Norway
2018-11-03,0.0,0,0,0,0,Norway
2018-11-04,0.0,0,0,0,0,Norway
2018-11-05,0.0,0,0,0,0,Norway
2018-11-06,0.0,0,0,0,0,Norway
2018-11-07,0.0,0,0,0,0,Norway
2018-11-08,0.0,0,0,0,0,Norway
2018-11-09,12.45,1,6,1,67,Norway
2018-11-10,0.0,0,0,0,0,Norway
2018-11-11,0.0,0,0,0,0,Norway
2018-11-12,0.0,0,0,0,0,Norway
2018-11-13,0.0,0,0,0,0,Norway
2018-11-14,0.0,0,0,0,0,Norway
2018-11-15,0.0,0,0,0,0,Norway
2018-11-16,0.0,0,0,0,0,Norway
2018-11-17,0.0,0,0,0,0,Norway
2018-11-18,0.0,0,0,0,0,Norway
2018-11-19,0.0,0,0,0,0,Norway
2018-11-20,0.0,0,0,0,0,Norway
2018-11-21,0.0,0,0,0,0,Norway
2018-11-22,0.0,0,0,0,0,Norway
2018-11-23,0.0,0,0,0,0,Norway
2018-11-24,0.0,0,0,0,0,Norway
2018-11-25,0.0,0,0,0,0,Norway
2018-11-26,42.15,1,12,1,93,Norway
2018-11-27,0.0,0,0,0,0,Norway
2018-11-28,145.47,1,73,1,1430,Norway
2018-11-29,0.0,0,0,0,0,Norway
2018-11-30,0.0,0,0,0,0,Norway
2018-12-01,0.0,0,0,0,0,Norway
2018-12-02,0.0,0,0,0,0,Norway
2018-12-03,0.0,0,0,0,0,Norway
2018-12-04,0.0,0,0,0,0,Norway
2018-12-05,173.82,1,74,1,1418,Norway
2018-12-06,0.0,0,0,0,0,Norway
2018-12-07,0.0,0,0,0,0,Norway
2018-12-08,0.0,0,0,0,0,Norway
2018-12-09,0.0,0,0,0,0,Norway
2018-12-10,0.0,0,0,0,0,Norway
2018-12-11,0.0,0,0,0,0,Norway
2018-12-12,0.0,0,0,0,0,Norway
2018-12-13,0.0,0,0,0,0,Norway
2018-12-14,0.0,0,0,0,0,Norway
2018-12-15,0.0,0,0,0,0,Norway
2018-12-16,0.0,0,0,0,0,Norway
2018-12-17,0.0,0,0,0,0,Norway
2018-12-18,0.0,0,0,0,0,Norway
2018-12-19,0.0,0,0,0,0,Norway
2018-12-20,0.0,0,0,0,0,Norway
2018-12-21,0.0,0,0,0,0,Norway
2018-12-22,0.0,0,0,0,0,Norway
2018-12-23,0.0,0,0,0,0,Norway
2018-12-24,0.0,0,0,0,0,Norway
2018-12-25,0.0,0,0,0,0,Norway
2018-12-26,0.0,0,0,0,0,Norway
2018-12-27,0.0,0,0,0,0,Norway
2018-12-28,0.0,0,0,0,0,Norway
2018-12-29,0.0,0,0,0,0,Norway
2018-12-30,0.0,0,0,0,0,Norway
2018-12-31,0.0,0,0,0,0,Norway
2019-01-01,0.0,0,0,0,0,Norway
2019-01-02,0.0,0,0,0,0,Norway
2019-01-03,0.0,0,0,0,0,Norway
2019-01-04,0.0,0,0,0,0,Norway
2019-01-05,0.0,0,0,0,0,Norway
2019-01-06,0.0,0,0,0,0,Norway
2019-01-07,0.0,0,0,0,0,Norway
2019-01-08,0.0,0,0,0,0,Norway
2019-01-09,0.0,0,0,0,0,Norway
2019-01-10,0.0,0,0,0,0,Norway
2019-01-11,0.0,0,0,0,0,Norway
2019-01-12,0.0,0,0,0,0,Norway
2019-01-13,0.0,0,0,0,0,Norway
2019-01-14,0.0,0,0,0,0,Norway
2019-01-15,0.0,0,0,0,0,Norway
2019-01-16,0.0,0,0,0,0,Norway
2019-01-17,0.0,0,0,0,0,Norway
2019-01-18,0.0,0,0,0,0,Norway
2019-01-19,0.0,0,0,0,0,Norway
2019-01-20,0.0,0,0,0,0,Norway
2019-01-21,0.0,0,0,0,0,Norway
2019-01-22,0.0,0,0,0,0,Norway
2019-01-23,0.0,0,0,0,0,Norway
2019-01-24,0.0,0,0,0,0,Norway
2019-01-25,0.0,0,0,0,0,Norway
2019-01-26,0.0,0,0,0,0,Norway
2019-01-27,0.0,0,0,0,0,Norway
2019-01-28,0.0,0,0,0,0,Norway
2019-01-29,0.0,0,0,0,0,Norway
2019-01-30,65.3,1,17,1,176,Norway
2019-01-31,0.0,0,0,0,0,Norway
2019-02-01,0.0,0,0,0,0,Norway
2019-02-02,0.0,0,0,0,0,Norway
2019-02-03,0.0,0,0,0,0,Norway
2019-02-04,0.0,0,0,0,0,Norway
2019-02-05,0.0,0,0,0,0,Norway
2019-02-06,0.0,0,0,0,0,Norway
2019-02-07,0.0,0,0,0,0,Norway
2019-02-08,0.0,0,0,0,0,Norway
2019-02-09,0.0,0,0,0,0,Norway
2019-02-10,0.0,0,0,0,0,Norway
2019-02-11,0.0,0,0,0,0,Norway
2019-02-12,0.0,0,0,0,0,Norway
2019-02-13,68.35,1,15,1,98,Norway
2019-02-14,0.0,0,0,0,0,Norway
2019-02-15,0.0,0,0,0,0,Norway
2019-02-16,0.0,0,0,0,0,Norway
2019-02-17,0.0,0,0,0,0,Norway
2019-02-18,0.0,0,0,0,0,Norway
2019-02-19,0.0,0,0,0,0,Norway
2019-02-20,0.0,0,0,0,0,Norway
2019-02-21,0.0,0,0,0,0,Norway
2019-02-22,0.0,0,0,0,0,Norway
2019-02-23,0.0,0,0,0,0,Norway
2019-02-24,0.0,0,0,0,0,Norway
2019-02-25,0.0,0,0,0,0,Norway
2019-02-26,1741.65,4,6,1,33,Norway
2019-02-27,0.0,0,0,0,0,Norway
2019-02-28,0.0,0,0,0,0,Norway
2019-03-01,0.0,0,0,0,0,Norway
2019-03-02,0.0,0,0,0,0,Norway
2019-03-03,0.0,0,0,0,0,Norway
2019-03-04,0.0,0,0,0,0,Norway
2019-03-05,0.0,0,0,0,0,Norway
2019-03-06,0.0,0,0,0,0,Norway
2019-03-07,0.0,0,0,0,0,Norway
2019-03-08,0.0,0,0,0,0,Norway
2019-03-09,0.0,0,0,0,0,Norway
2019-03-10,0.0,0,0,0,0,Norway
2019-03-11,0.0,0,0,0,0,Norway
2019-03-12,0.0,0,0,0,0,Norway
2019-03-13,0.0,0,0,0,0,Norway
2019-03-14,16.69,1,7,1,63,Norway
2019-03-15,0.0,0,0,0,0,Norway
2019-03-16,0.0,0,0,0,0,Norway
2019-03-17,0.0,0,0,0,0,Norway
2019-03-18,0.0,0,0,0,0,Norway
2019-03-19,73.38,2,8,1,77,Norway
2019-03-20,0.0,0,0,0,0,Norway
2019-03-21,0.0,0,0,0,0,Norway
2019-03-22,0.0,0,0,0,0,Norway
2019-03-23,0.0,0,0,0,0,Norway
2019-03-24,0.0,0,0,0,0,Norway
2019-03-25,0.0,0,0,0,0,Norway
2019-03-26,0.0,0,0,0,0,Norway
2019-03-27,0.0,0,0,0,0,Norway
2019-03-28,0.0,0,0,0,0,Norway
2019-03-29,0.0,0,0,0,0,Norway
2019-03-30,0.0,0,0,0,0,Norway
2019-03-31,0.0,0,0,0,0,Norway
2019-04-01,0.0,0,0,0,0,Norway
2019-04-02,0.0,0,0,0,0,Norway
2019-04-03,0.0,0,0,0,0,Norway
2019-04-04,0.0,0,0,0,0,Norway
2019-04-05,0.0,0,0,0,0,Norway
2019-04-06,0.0,0,0,0,0,Norway
2019-04-07,0.0,0,0,0,0,Norway
2019-04-08,0.0,0,0,0,0,Norway
2019-04-09,0.0,0,0,0,0,Norway
2019-04-10,0.0,0,0,0,0,Norway
2019-04-11,0.0,0,0,0,0,Norway
2019-04-12,0.0,0,0,0,0,Norway
2019-04-13,0.0,0,0,0,0,Norway
2019-04-14,0.0,0,0,0,0,Norway
2019-04-15,0.0,0,0,0,0,Norway
2019-04-16,0.0,0,0,0,0,Norway
2019-04-17,0.0,0,0,0,0,Norway
2019-04-18,0.0,0,0,0,0,Norway
2019-04-19,0.0,0,0,0,0,Norway
2019-04-20,0.0,0,0,0,0,Norway
2019-04-21,0.0,0,0,0,0,Norway
2019-04-22,0.0,0,0,0,0,Norway
2019-04-23,0.0,0,0,0,0,Norway
2019-04-24,0.0,0,0,0,0,Norway
2019-04-25,0.0,0,0,0,0,Norway
2019-04-26,0.0,0,0,0,0,Norway
2019-04-27,0.0,0,0,0,0,Norway
2019-04-28,0.0,0,0,0,0,Norway
2019-04-29,0.0,0,0,0,0,Norway
2019-04-30,0.0,0,0,0,0,Norway
2019-05-01,0.0,0,0,0,0,Norway
2019-05-02,0.0,0,0,0,0,Norway
2019-05-03,0.0,0,0,0,0,Norway
2019-05-04,0.0,0,0,0,0,Norway
2019-05-05,0.0,0,0,0,0,Norway
2019-05-06,0.0,0,0,0,0,Norway
2019-05-07,0.0,0,0,0,0,Norway
2019-05-08,0.0,0,0,0,0,Norway
2019-05-09,0.0,0,0,0,0,Norway
2019-05-10,0.0,0,0,0,0,Norway
2019-05-11,0.0,0,0,0,0,Norway
2019-05-12,0.0,0,0,0,0,Norway
2019-05-13,0.0,0,0,0,0,Norway
2019-05-14,0.0,0,0,0,0,Norway
2019-05-15,0.0,0,0,0,0,Norway
2019-05-16,0.0,0,0,0,0,Norway
2019-05-17,0.0,0,0,0,0,Norway
2019-05-18,0.0,0,0,0,0,Norway
2019-05-19,0.0,0,0,0,0,Norway
2019-05-20,0.0,0,0,0,0,Norway
2019-05-21,0.0,0,0,0,0,Norway
2019-05-22,0.0,0,0,0,0,Norway
2019-05-23,0.0,0,0,0,0,Norway
2019-05-24,0.0,0,0,0,0,Norway
2019-05-25,0.0,0,0,0,0,Norway
2019-05-26,0.0,0,0,0,0,Norway
2019-05-27,0.0,0,0,0,0,Norway
2019-05-28,0.0,0,0,0,0,Norway
2019-05-29,0.0,0,0,0,0,Norway
2019-05-30,0.0,0,0,0,0,Norway
2019-05-31,0.0,0,0,0,0,Norway
2019-06-01,0.0,0,0,0,0,Norway
2019-06-02,0.0,0,0,0,0,Norway
2019-06-03,0.0,0,0,0,0,Norway
2019-06-04,0.0,0,0,0,0,Norway
2019-06-05,0.0,0,0,0,0,Norway
2019-06-06,0.0,0,0,0,0,Norway
2019-06-07,0.0,0,0,0,0,Norway
2019-06-08,0.0,0,0,0,0,Norway
2019-06-09,0.0,0,0,0,0,Norway
2019-06-10,0.0,0,0,0,0,Norway
2019-06-11,0.0,0,0,0,0,Norway
2019-06-12,0.0,0,0,0,0,Norway
2019-06-13,0.0,0,0,0,0,Norway
2019-06-14,0.0,0,0,0,0,Norway
2019-06-15,0.0,0,0,0,0,Norway
2019-06-16,0.0,0,0,0,0,Norway
2019-06-17,347.71,2,74,1,785,Norway
2019-06-18,473.36,1,90,1,570,Norway
2019-06-19,700.0,1,1,1,1,Norway
2019-06-20,0.0,0,0,0,0,Norway
2019-06-21,0.0,0,0,0,0,Norway
2019-06-22,0.0,0,0,0,0,Norway
2019-06-23,0.0,0,0,0,0,Norway
2019-06-24,0.0,0,0,0,0,Norway
2019-06-25,0.0,0,0,0,0,Norway
2019-06-26,0.0,0,0,0,0,Norway
2019-06-27,0.0,0,0,0,0,Norway
2019-06-28,0.0,0,0,0,0,Norway
2019-06-29,0.0,0,0,0,0,Norway
2019-06-30,0.0,0,0,0,0,Norway
2019-07-01,0.0,0,0,0,0,Norway
2019-07-02,0.0,0,0,0,0,Norway
2019-07-03,0.0,0,0,0,0,Norway
2019-07-04,0.0,0,0,0,0,Norway
2019-07-05,0.0,0,0,0,0,Norway
2019-07-06,0.0,0,0,0,0,Norway
2019-07-07,0.0,0,0,0,0,Norway
2019-07-08,0.0,0,0,0,0,Norway
2019-07-09,0.0,0,0,0,0,Norway
2019-07-10,0.0,0,0,0,0,Norway
2019-07-11,0.0,0,0,0,0,Norway
2019-07-12,0.0,0,0,0,0,Norway
2019-07-13,0.0,0,0,0,0,Norway
2019-07-14,0.0,0,0,0,0,Norway
2019-07-15,0.0,0,0,0,0,Norway
2019-07-16,0.0,0,0,0,0,Norway
2019-07-17,0.0,0,0,0,0,Norway
2019-07-18,0.0,0,0,0,0,Norway
2019-07-19,168.63,1,49,1,444,Norway
2017-11-30,3.35,1,2,1,2,Spain
2017-12-01,92.03,2,17,1,149,Spain
2017-12-02,0.0,0,0,0,0,Spain
2017-12-03,0.0,0,0,0,0,Spain
2017-12-04,58.7,1,7,1,71,Spain
2017-12-05,0.0,0,0,0,0,Spain
2017-12-06,0.0,0,0,0,0,Spain
2017-12-07,0.0,0,0,0,0,Spain
2017-12-08,0.0,0,0,0,0,Spain
2017-12-09,0.0,0,0,0,0,Spain
2017-12-10,0.0,0,0,0,0,Spain
2017-12-11,0.0,0,0,0,0,Spain
2017-12-12,0.0,0,0,0,0,Spain
2017-12-13,0.0,0,0,0,0,Spain
2017-12-14,10.17,1,3,1,41,Spain
2017-12-15,0.0,0,0,0,0,Spain
2017-12-16,0.0,0,0,0,0,Spain
2017-12-17,0.0,0,0,0,0,Spain
2017-12-18,0.0,0,0,0,0,Spain
2017-12-19,0.0,0,0,0,0,Spain
2017-12-20,680.97,2,104,1,1929,Spain
2017-12-21,0.0,0,0,0,0,Spain
2017-12-22,0.0,0,0,0,0,Spain
2017-12-23,0.0,0,0,0,0,Spain
2017-12-24,0.0,0,0,0,0,Spain
2017-12-25,0.0,0,0,0,0,Spain
2017-12-26,0.0,0,0,0,0,Spain
2017-12-27,0.0,0,0,0,0,Spain
2017-12-28,0.0,0,0,0,0,Spain
2017-12-29,0.0,0,0,0,0,Spain
2017-12-30,0.0,0,0,0,0,Spain
2017-12-31,0.0,0,0,0,0,Spain
2018-01-01,0.0,0,0,0,0,Spain
2018-01-02,0.0,0,0,0,0,Spain
2018-01-03,0.0,0,0,0,0,Spain
2018-01-04,0.0,0,0,0,0,Spain
2018-01-05,0.0,0,0,0,0,Spain
2018-01-06,0.0,0,0,0,0,Spain
2018-01-07,110.54,1,28,1,238,Spain
2018-01-08,1410.99,2,1,1,2,Spain
2018-01-09,0.0,0,0,0,0,Spain
2018-01-10,1410.99,4,2,1,7,Spain
2018-01-11,0.0,0,0,0,0,Spain
2018-01-12,0.0,0,0,0,0,Spain
2018-01-13,0.0,0,0,0,0,Spain
2018-01-14,0.0,0,0,0,0,Spain
2018-01-15,0.0,0,0,0,0,Spain
2018-01-16,0.0,0,0,0,0,Spain
2018-01-17,0.0,0,0,0,0,Spain
2018-01-18,0.0,0,0,0,0,Spain
2018-01-19,124.46,1,30,1,226,Spain
2018-01-20,0.0,0,0,0,0,Spain
2018-01-21,0.0,0,0,0,0,Spain
2018-01-22,0.0,0,0,0,0,Spain
2018-01-23,254.0,4,1,4,6,Spain
2018-01-24,106.19,1,55,1,355,Spain
2018-01-25,0.0,0,0,0,0,Spain
2018-01-26,29.25,1,2,1,13,Spain
2018-01-27,0.0,0,0,0,0,Spain
2018-01-28,0.0,0,0,0,0,Spain
2018-01-29,117.08,3,19,1,218,Spain
2018-01-30,0.0,0,0,0,0,Spain
2018-01-31,2.5,2,2,1,12,Spain
2018-02-01,0.0,0,0,0,0,Spain
2018-02-02,0.0,0,0,0,0,Spain
2018-02-03,0.0,0,0,0,0,Spain
2018-02-04,0.0,0,0,0,0,Spain
2018-02-05,0.0,0,0,0,0,Spain
2018-02-06,0.0,0,0,0,0,Spain
2018-02-07,0.0,0,0,0,0,Spain
2018-02-08,0.0,0,0,0,0,Spain
2018-02-09,0.0,0,0,0,0,Spain
2018-02-10,0.0,0,0,0,0,Spain
2018-02-11,0.0,0,0,0,0,Spain
2018-02-12,0.0,0,0,0,0,Spain
2018-02-13,0.0,0,0,0,0,Spain
2018-02-14,0.0,0,0,0,0,Spain
2018-02-15,0.0,0,0,0,0,Spain
2018-02-16,0.0,0,0,0,0,Spain
2018-02-17,0.0,0,0,0,0,Spain
2018-02-18,0.0,0,0,0,0,Spain
2018-02-19,0.0,0,0,0,0,Spain
2018-02-20,0.0,0,0,0,0,Spain
2018-02-21,0.0,0,0,0,0,Spain
2018-02-22,0.0,0,0,0,0,Spain
2018-02-23,0.0,0,0,0,0,Spain
2018-02-24,0.0,0,0,0,0,Spain
2018-02-25,33.4,1,6,1,8,Spain
2018-02-26,57.09,1,15,1,168,Spain
2018-02-27,0.0,0,0,0,0,Spain
2018-02-28,0.0,0,0,0,0,Spain
2018-03-01,0.0,0,0,0,0,Spain
2018-03-02,0.0,0,0,0,0,Spain
2018-03-03,0.0,0,0,0,0,Spain
2018-03-04,0.0,0,0,0,0,Spain
2018-03-05,0.0,0,0,0,0,Spain
2018-03-06,79.76,1,25,1,243,Spain
2018-03-07,0.0,0,0,0,0,Spain
2018-03-08,0.0,0,0,0,0,Spain
2018-03-09,0.0,0,0,0,0,Spain
2018-03-10,0.0,0,0,0,0,Spain
2018-03-11,0.0,0,0,0,0,Spain
2018-03-12,0.0,0,0,0,0,Spain
2018-03-13,0.0,0,0,0,0,Spain
2018-03-14,0.0,0,0,0,0,Spain
2018-03-15,0.0,0,0,0,0,Spain
2018-03-16,0.0,0,0,0,0,Spain
2018-03-17,0.0,0,0,0,0,Spain
2018-03-18,0.0,0,0,0,0,Spain
2018-03-19,0.0,0,0,0,0,Spain
2018-03-20,0.0,0,0,0,0,Spain
2018-03-21,0.0,0,0,0,0,Spain
2018-03-22,139.23,2,38,2,332,Spain
2018-03-23,0.0,0,0,0,0,Spain
2018-03-24,0.0,0,0,0,0,Spain
2018-03-25,0.0,0,0,0,0,Spain
2018-03-26,19.27,2,10,1,30,Spain
2018-03-27,0.0,0,0,0,0,Spain
2018-03-28,7.85,1,3,1,10,Spain
2018-03-29,0.0,0,0,0,0,Spain
2018-03-30,0.0,0,0,0,0,Spain
2018-03-31,0.0,0,0,0,0,Spain
2018-04-01,0.0,0,0,0,0,Spain
2018-04-02,0.0,0,0,0,0,Spain
2018-04-03,0.0,0,0,0,0,Spain
2018-04-04,0.0,0,0,0,0,Spain
2018-04-05,0.0,0,0,0,0,Spain
2018-04-06,0.0,0,0,0,0,Spain
2018-04-07,0.0,0,0,0,0,Spain
2018-04-08,0.0,0,0,0,0,Spain
2018-04-09,0.0,0,0,0,0,Spain
2018-04-10,128.27,2,28,2,192,Spain
2018-04-11,12.75,1,1,1,4,Spain
2018-04-12,37.86,1,8,1,83,Spain
2018-04-13,0.0,0,0,0,0,Spain
2018-04-14,0.0,0,0,0,0,Spain
2018-04-15,0.0,0,0,0,0,Spain
2018-04-16,0.0,0,0,0,0,Spain
2018-04-17,0.0,0,0,0,0,Spain
2018-04-18,0.0,0,0,0,0,Spain
2018-04-19,0.0,0,0,0,0,Spain
2018-04-20,0.0,0,0,0,0,Spain
2018-04-21,0.0,0,0,0,0,Spain
2018-04-22,0.0,0,0,0,0,Spain
2018-04-23,0.0,0,0,0,0,Spain
2018-04-24,0.0,0,0,0,0,Spain
2018-04-25,0.0,0,0,0,0,Spain
2018-04-26,0.0,0,0,0,0,Spain
2018-04-27,0.0,0,0,0,0,Spain
2018-04-28,0.0,0,0,0,0,Spain
2018-04-29,0.0,0,0,0,0,Spain
2018-04-30,0.0,0,0,0,0,Spain
2018-05-01,397.7,3,39,3,359,Spain
2018-05-02,0.0,0,0,0,0,Spain
2018-05-03,0.0,0,0,0,0,Spain
2018-05-04,0.0,0,0,0,0,Spain
2018-05-05,0.0,0,0,0,0,Spain
2018-05-06,0.0,0,0,0,0,Spain
2018-05-07,0.0,0,0,0,0,Spain
2018-05-08,0.0,0,0,0,0,Spain
2018-05-09,0.0,0,0,0,0,Spain
2018-05-10,107.19,2,32,1,276,Spain
2018-05-11,0.0,0,0,0,0,Spain
2018-05-12,0.0,0,0,0,0,Spain
2018-05-13,0.0,0,0,0,0,Spain
2018-05-14,0.0,0,0,0,0,Spain
2018-05-15,0.0,0,0,0,0,Spain
2018-05-16,0.0,0,0,0,0,Spain
2018-05-17,0.0,0,0,0,0,Spain
2018-05-18,0.0,0,0,0,0,Spain
2018-05-19,0.0,0,0,0,0,Spain
2018-05-20,0.0,0,0,0,0,Spain
2018-05-21,0.0,0,0,0,0,Spain
2018-05-22,0.0,0,0,0,0,Spain
2018-05-23,0.0,0,0,0,0,Spain
2018-05-24,0.0,0,0,0,0,Spain
2018-05-25,0.0,0,0,0,0,Spain
2018-05-26,0.0,0,0,0,0,Spain
2018-05-27,0.0,0,0,0,0,Spain
2018-05-28,0.0,0,0,0,0,Spain
2018-05-29,0.0,0,0,0,0,Spain
2018-05-30,0.0,0,0,0,0,Spain
2018-05-31,0.0,0,0,0,0,Spain
2018-06-01,0.0,0,0,0,0,Spain
2018-06-02,0.0,0,0,0,0,Spain
2018-06-03,0.0,0,0,0,0,Spain
2018-06-04,0.0,0,0,0,0,Spain
2018-06-05,0.0,0,0,0,0,Spain
2018-06-06,0.0,0,0,0,0,Spain
2018-06-07,0.0,0,0,0,0,Spain
2018-06-08,10.17,1,3,1,49,Spain
2018-06-09,0.0,0,0,0,0,Spain
2018-06-10,0.0,0,0,0,0,Spain
2018-06-11,0.0,0,0,0,0,Spain
2018-06-12,0.0,0,0,0,0,Spain
2018-06-13,69.44,1,22,1,233,Spain
2018-06-14,0.0,0,0,0,0,Spain
2018-06-15,0.0,0,0,0,0,Spain
2018-06-16,0.0,0,0,0,0,Spain
2018-06-17,0.0,0,0,0,0,Spain
2018-06-18,0.0,0,0,0,0,Spain
2018-06-19,0.0,0,0,0,0,Spain
2018-06-20,0.0,0,0,0,0,Spain
2018-06-21,0.0,0,0,0,0,Spain
2018-06-22,0.0,0,0,0,0,Spain
2018-06-23,0.0,0,0,0,0,Spain
2018-06-24,0.0,0,0,0,0,Spain
2018-06-25,0.0,0,0,0,0,Spain
2018-06-26,0.0,0,0,0,0,Spain
2018-06-27,0.0,0,0,0,0,Spain
2018-06-28,0.0,0,0,0,0,Spain
2018-06-29,0.0,0,0,0,0,Spain
2018-06-30,0.0,0,0,0,0,Spain
2018-07-01,0.0,0,0,0,0,Spain
2018-07-02,0.0,0,0,0,0,Spain
2018-07-03,0.0,0,0,0,0,Spain
2018-07-04,0.0,0,0,0,0,Spain
2018-07-05,0.0,0,0,0,0,Spain
2018-07-06,0.0,0,0,0,0,Spain
2018-07-07,0.0,0,0,0,0,Spain
2018-07-08,0.0,0,0,0,0,Spain
2018-07-09,0.0,0,0,0,0,Spain
2018-07-10,0.0,0,0,0,0,Spain
2018-07-11,0.0,0,0,0,0,Spain
2018-07-12,0.0,0,0,0,0,Spain
2018-07-13,0.0,0,0,0,0,Spain
2018-07-14,0.0,0,0,0,0,Spain
2018-07-15,0.0,0,0,0,0,Spain
2018-07-16,0.0,0,0,0,0,Spain
2018-07-17,0.0,0,0,0,0,Spain
2018-07-18,0.0,0,0,0,0,Spain
2018-07-19,34.65,1,4,1,29,Spain
2018-07-20,0.0,0,0,0,0,Spain
2018-07-21,0.0,0,0,0,0,Spain
2018-07-22,0.0,0,0,0,0,Spain
2018-07-23,0.0,0,0,0,0,Spain
2018-07-24,41.32,2,14,2,143,Spain
2018-07-25,151.47,1,50,1,328,Spain
2018-07-26,0.0,0,0,0,0,Spain
2018-07-27,0.0,0,0,0,0,Spain
2018-07-28,0.0,0,0,0,0,Spain
2018-07-29,0.0,0,0,0,0,Spain
2018-07-30,0.0,0,0,0,0,Spain
2018-07-31,25.0,1,1,1,5,Spain
2018-08-01,0.0,0,0,0,0,Spain
2018-08-02,0.0,0,0,0,0,Spain
2018-08-03,0.0,0,0,0,0,Spain
2018-08-04,0.0,0,0,0,0,Spain
2018-08-05,0.0,0,0,0,0,Spain
2018-08-06,0.0,0,0,0,0,Spain
2018-08-07,0.0,0,0,0,0,Spain
2018-08-08,0.0,0,0,0,0,Spain
2018-08-09,16.38,1,14,1,111,Spain
2018-08-10,28.95,1,4,1,18,Spain
2018-08-11,0.0,0,0,0,0,Spain
2018-08-12,0.0,0,0,0,0,Spain
2018-08-13,0.0,0,0,0,0,Spain
2018-08-14,0.0,0,0,0,0,Spain
2018-08-15,0.0,0,0,0,0,Spain
2018-08-16,16.5,1,3,1,4,Spain
2018-08-17,0.0,0,0,0,0,Spain
2018-08-18,0.0,0,0,0,0,Spain
2018-08-19,20.09,1,11,1,89,Spain
2018-08-20,0.0,0,0,0,0,Spain
2018-08-21,0.0,0,0,0,0,Spain
2018-08-22,0.0,0,0,0,0,Spain
2018-08-23,0.0,0,0,0,0,Spain
2018-08-24,0.0,0,0,0,0,Spain
2018-08-25,0.0,0,0,0,0,Spain
2018-08-26,0.0,0,0,0,0,Spain
2018-08-27,0.0,0,0,0,0,Spain
2018-08-28,105.16,1,27,1,281,Spain
2018-08-29,0.0,0,0,0,0,Spain
2018-08-30,0.0,0,0,0,0,Spain
2018-08-31,4.95,1,1,1,2,Spain
2018-09-01,0.0,0,0,0,0,Spain
2018-09-02,0.0,0,0,0,0,Spain
2018-09-03,112.05,1,41,1,376,Spain
2018-09-04,0.0,0,0,0,0,Spain
2018-09-05,0.0,0,0,0,0,Spain
2018-09-06,0.0,0,0,0,0,Spain
2018-09-07,0.0,0,0,0,0,Spain
2018-09-08,0.0,0,0,0,0,Spain
2018-09-09,0.0,0,0,0,0,Spain
2018-09-10,0.0,0,0,0,0,Spain
2018-09-11,7.7,1,5,1,70,Spain
2018-09-12,82.51,1,24,1,227,Spain
2018-09-13,0.0,0,0,0,0,Spain
2018-09-14,211.8,2,68,2,584,Spain
2018-09-15,0.0,0,0,0,0,Spain
2018-09-16,0.0,0,0,0,0,Spain
2018-09-17,0.0,0,0,0,0,Spain
2018-09-18,0.0,0,0,0,0,Spain
2018-09-19,3.1,1,2,1,6,Spain
2018-09-20,0.0,0,0,0,0,Spain
2018-09-21,0.0,0,0,0,0,Spain
2018-09-22,0.0,0,0,0,0,Spain
2018-09-23,0.0,0,0,0,0,Spain
2018-09-24,0.0,0,0,0,0,Spain
2018-09-25,0.0,0,0,0,0,Spain
2018-09-26,99.47,1,25,1,240,Spain
2018-09-27,0.0,0,0,0,0,Spain
2018-09-28,49.71,1,11,1,105,Spain
2018-09-29,0.0,0,0,0,0,Spain
2018-09-30,26.04,1,14,1,185,Spain
2018-10-01,0.0,0,0,0,0,Spain
2018-10-02,98.93,1,56,1,123,Spain
2018-10-03,0.0,0,0,0,0,Spain
2018-10-04,0.0,0,0,0,0,Spain
2018-10-05,0.0,0,0,0,0,Spain
2018-10-06,0.0,0,0,0,0,Spain
2018-10-07,0.0,0,0,0,0,Spain
2018-10-08,0.0,0,0,0,0,Spain
2018-10-09,0.0,0,0,0,0,Spain
2018-10-10,135.18,1,51,1,510,Spain
2018-10-11,25.34,1,8,1,119,Spain
2018-10-12,55.34,1,20,1,144,Spain
2018-10-13,0.0,0,0,0,0,Spain
2018-10-14,0.0,0,0,0,0,Spain
2018-10-15,220.0,1,1,1,1,Spain
2018-10-16,47.45,2,8,1,92,Spain
2018-10-17,72.06,1,16,1,126,Spain
2018-10-18,0.0,0,0,0,0,Spain
2018-10-19,58.49,1,20,1,194,Spain
2018-10-20,0.0,0,0,0,0,Spain
2018-10-21,0.0,0,0,0,0,Spain
2018-10-22,0.0,0,0,0,0,Spain
2018-10-23,0.0,0,0,0,0,Spain
2018-10-24,0.0,0,0,0,0,Spain
2018-10-25,0.0,0,0,0,0,Spain
2018-10-26,0.0,0,0,0,0,Spain
2018-10-27,0.0,0,0,0,0,Spain
2018-10-28,0.0,0,0,0,0,Spain
2018-10-29,0.0,0,0,0,0,Spain
2018-10-30,118.7,1,13,1,33,Spain
2018-10-31,0.0,0,0,0,0,Spain
2018-11-01,99.25,2,12,2,91,Spain
2018-11-02,41.7,1,13,1,119,Spain
2018-11-03,0.0,0,0,0,0,Spain
2018-11-04,0.0,0,0,0,0,Spain
2018-11-05,0.0,0,0,0,0,Spain
2018-11-06,44.22,2,8,1,86,Spain
2018-11-07,0.0,0,0,0,0,Spain
2018-11-08,0.0,0,0,0,0,Spain
2018-11-09,0.0,0,0,0,0,Spain
2018-11-10,0.0,0,0,0,0,Spain
2018-11-11,0.0,0,0,0,0,Spain
2018-11-12,0.0,0,0,0,0,Spain
2018-11-13,0.0,0,0,0,0,Spain
2018-11-14,0.0,0,0,0,0,Spain
2018-11-15,0.0,0,0,0,0,Spain
2018-11-16,67.6,1,5,1,23,Spain
2018-11-17,0.0,0,0,0,0,Spain
2018-11-18,0.0,0,0,0,0,Spain
2018-11-19,0.0,0,0,0,0,Spain
2018-11-20,0.0,0,0,0,0,Spain
2018-11-21,0.0,0,0,0,0,Spain
2018-11-22,0.0,0,0,0,0,Spain
2018-11-23,118.9,2,31,2,287,Spain
2018-11-24,0.0,0,0,0,0,Spain
2018-11-25,0.0,0,0,0,0,Spain
2018-11-26,0.0,0,0,0,0,Spain
2018-11-27,0.0,0,0,0,0,Spain
2018-11-28,0.0,0,0,0,0,Spain
2018-11-29,0.0,0,0,0,0,Spain
2018-11-30,15.7,1,5,1,93,Spain
2018-12-01,0.0,0,0,0,0,Spain
2018-12-02,0.0,0,0,0,0,Spain
2018-12-03,0.0,0,0,0,0,Spain
2018-12-04,0.0,0,0,0,0,Spain
2018-12-05,0.0,0,0,0,0,Spain
2018-12-06,128.97,1,40,1,67,Spain
2018-12-07,0.0,0,0,0,0,Spain
2018-12-08,0.0,0,0,0,0,Spain
2018-12-09,0.0,0,0,0,0,Spain
2018-12-10,97.14,1,20,1,175,Spain
2018-12-11,0.0,0,0,0,0,Spain
2018-12-12,0.0,0,0,0,0,Spain
2018-12-13,0.0,0,0,0,0,Spain
2018-12-14,16.8,1,10,1,100,Spain
2018-12-15,0.0,0,0,0,0,Spain
2018-12-16,0.0,0,0,0,0,Spain
2018-12-17,0.0,0,0,0,0,Spain
2018-12-18,0.0,0,0,0,0,Spain
2018-12-19,0.0,0,0,0,0,Spain
2018-12-20,0.0,0,0,0,0,Spain
2018-12-21,0.0,0,0,0,0,Spain
2018-12-22,0.0,0,0,0,0,Spain
2018-12-23,0.0,0,0,0,0,Spain
2018-12-24,0.0,0,0,0,0,Spain
2018-12-25,0.0,0,0,0,0,Spain
2018-12-26,0.0,0,0,0,0,Spain
2018-12-27,0.0,0,0,0,0,Spain
2018-12-28,0.0,0,0,0,0,Spain
2018-12-29,0.0,0,0,0,0,Spain
2018-12-30,0.0,0,0,0,0,Spain
2018-12-31,0.0,0,0,0,0,Spain
2019-01-01,0.0,0,0,0,0,Spain
2019-01-02,0.0,0,0,0,0,Spain
2019-01-03,1126.0,1,1,1,3,Spain
2019-01-04,286.64,1,98,1,536,Spain
2019-01-05,0.0,0,0,0,0,Spain
2019-01-06,0.0,0,0,0,0,Spain
2019-01-07,401.6,1,93,1,592,Spain
2019-01-08,131.34,2,35,2,368,Spain
2019-01-09,0.0,0,0,0,0,Spain
2019-01-10,0.0,0,0,0,0,Spain
2019-01-11,0.0,0,0,0,0,Spain
2019-01-12,0.0,0,0,0,0,Spain
2019-01-13,0.0,0,0,0,0,Spain
2019-01-14,0.0,0,0,0,0,Spain
2019-01-15,95.6,1,29,1,269,Spain
2019-01-16,64.79,1,23,1,48,Spain
2019-01-17,10.95,1,1,1,4,Spain
2019-01-18,0.0,0,0,0,0,Spain
2019-01-19,0.0,0,0,0,0,Spain
2019-01-20,0.0,0,0,0,0,Spain
2019-01-21,45.73,1,11,1,87,Spain
2019-01-22,0.0,0,0,0,0,Spain
2019-01-23,0.0,0,0,0,0,Spain
2019-01-24,2117.45,2,94,1,596,Spain
2019-01-25,0.0,0,0,0,0,Spain
2019-01-26,0.0,0,0,0,0,Spain
2019-01-27,0.0,0,0,0,0,Spain
2019-01-28,0.0,0,0,0,0,Spain
2019-01-29,49.45,1,12,1,102,Spain
2019-01-30,0.0,0,0,0,0,Spain
2019-01-31,165.07,1,31,1,171,Spain
2019-02-01,0.0,0,0,0,0,Spain
2019-02-02,0.0,0,0,0,0,Spain
2019-02-03,0.0,0,0,0,0,Spain
2019-02-04,0.0,0,0,0,0,Spain
2019-02-05,0.0,0,0,0,0,Spain
2019-02-06,183.93,1,40,1,277,Spain
2019-02-07,0.0,0,0,0,0,Spain
2019-02-08,0.0,0,0,0,0,Spain
2019-02-09,0.0,0,0,0,0,Spain
2019-02-10,0.0,0,0,0,0,Spain
2019-02-11,52.47,1,13,1,152,Spain
2019-02-12,0.0,0,0,0,0,Spain
2019-02-13,0.0,0,0,0,0,Spain
2019-02-14,0.0,0,0,0,0,Spain
2019-02-15,20.8,1,4,1,7,Spain
2019-02-16,0.0,0,0,0,0,Spain
2019-02-17,0.0,0,0,0,0,Spain
2019-02-18,0.0,0,0,0,0,Spain
2019-02-19,0.0,0,0,0,0,Spain
2019-02-20,0.0,0,0,0,0,Spain
2019-02-21,0.0,0,0,0,0,Spain
2019-02-22,0.0,0,0,0,0,Spain
2019-02-23,0.0,0,0,0,0,Spain
2019-02-24,0.0,0,0,0,0,Spain
2019-02-25,0.0,0,0,0,0,Spain
2019-02-26,0.0,0,0,0,0,Spain
2019-02-27,0.0,0,0,0,0,Spain
2019-02-28,0.0,0,0,0,0,Spain
2019-03-01,89.39,2,22,2,212,Spain
2019-03-02,0.0,0,0,0,0,Spain
2019-03-03,0.0,0,0,0,0,Spain
2019-03-04,22.5,1,3,1,6,Spain
2019-03-05,0.0,0,0,0,0,Spain
2019-03-06,0.0,0,0,0,0,Spain
2019-03-07,0.0,0,0,0,0,Spain
2019-03-08,0.0,0,0,0,0,Spain
2019-03-09,0.0,0,0,0,0,Spain
2019-03-10,0.0,0,0,0,0,Spain
2019-03-11,0.0,0,0,0,0,Spain
2019-03-12,0.0,0,0,0,0,Spain
2019-03-13,331.45,2,58,2,366,Spain
2019-03-14,0.0,0,0,0,0,Spain
2019-03-15,0.0,0,0,0,0,Spain
2019-03-16,0.0,0,0,0,0,Spain
2019-03-17,0.0,0,0,0,0,Spain
2019-03-18,0.0,0,0,0,0,Spain
2019-03-19,195.99,1,44,1,335,Spain
2019-03-20,0.0,0,0,0,0,Spain
2019-03-21,108.13,1,34,1,411,Spain
2019-03-22,115.25,1,34,1,319,Spain
2019-03-23,0.0,0,0,0,0,Spain
2019-03-24,0.0,0,0,0,0,Spain
2019-03-25,7.65,1,5,1,48,Spain
2019-03-26,0.0,0,0,0,0,Spain
2019-03-27,0.0,0,0,0,0,Spain
2019-03-28,0.0,0,0,0,0,Spain
2019-03-29,0.0,0,0,0,0,Spain
2019-03-30,0.0,0,0,0,0,Spain
2019-03-31,0.0,0,0,0,0,Spain
2019-04-01,0.0,0,0,0,0,Spain
2019-04-02,0.0,0,0,0,0,Spain
2019-04-03,0.0,0,0,0,0,Spain
2019-04-04,0.0,0,0,0,0,Spain
2019-04-05,0.0,0,0,0,0,Spain
2019-04-06,0.0,0,0,0,0,Spain
2019-04-07,0.0,0,0,0,0,Spain
2019-04-08,63.38,1,15,1,116,Spain
2019-04-09,0.0,0,0,0,0,Spain
2019-04-10,0.0,0,0,0,0,Spain
2019-04-11,0.0,0,0,0,0,Spain
2019-04-12,0.0,0,0,0,0,Spain
2019-04-13,0.0,0,0,0,0,Spain
2019-04-14,0.0,0,0,0,0,Spain
2019-04-15,0.0,0,0,0,0,Spain
2019-04-16,0.0,0,0,0,0,Spain
2019-04-17,0.0,0,0,0,0,Spain
2019-04-18,261.22,1,58,1,389,Spain
2019-04-19,0.0,0,0,0,0,Spain
2019-04-20,0.0,0,0,0,0,Spain
2019-04-21,0.0,0,0,0,0,Spain
2019-04-22,0.0,0,0,0,0,Spain
2019-04-23,0.0,0,0,0,0,Spain
2019-04-24,0.0,0,0,0,0,Spain
2019-04-25,72.05,1,23,1,218,Spain
2019-04-26,0.0,0,0,0,0,Spain
2019-04-27,0.0,0,0,0,0,Spain
2019-04-28,0.0,0,0,0,0,Spain
2019-04-29,0.0,0,0,0,0,Spain
2019-04-30,0.0,0,0,0,0,Spain
2019-05-01,108.68,1,41,1,455,Spain
2019-05-02,0.0,0,0,0,0,Spain
2019-05-03,113.1,1,15,1,88,Spain
2019-05-04,0.0,0,0,0,0,Spain
2019-05-05,0.0,0,0,0,0,Spain
2019-05-06,0.0,0,0,0,0,Spain
2019-05-07,0.0,0,0,0,0,Spain
2019-05-08,0.0,0,0,0,0,Spain
2019-05-09,0.0,0,0,0,0,Spain
2019-05-10,0.0,0,0,0,0,Spain
2019-05-11,0.0,0,0,0,0,Spain
2019-05-12,0.0,0,0,0,0,Spain
2019-05-13,0.0,0,0,0,0,Spain
2019-05-14,0.0,0,0,0,0,Spain
2019-05-15,0.0,0,0,0,0,Spain
2019-05-16,0.0,0,0,0,0,Spain
2019-05-17,0.0,0,0,0,0,Spain
2019-05-18,0.0,0,0,0,0,Spain
2019-05-19,0.0,0,0,0,0,Spain
2019-05-20,0.0,0,0,0,0,Spain
2019-05-21,0.0,0,0,0,0,Spain
2019-05-22,0.0,0,0,0,0,Spain
2019-05-23,28.85,1,2,1,11,Spain
2019-05-24,0.0,0,0,0,0,Spain
2019-05-25,0.0,0,0,0,0,Spain
2019-05-26,0.0,0,0,0,0,Spain
2019-05-27,0.0,0,0,0,0,Spain
2019-05-28,169.03,1,47,1,422,Spain
2019-05-29,0.0,0,0,0,0,Spain
2019-05-30,0.0,0,0,0,0,Spain
2019-05-31,59.52,1,13,1,93,Spain
2019-06-01,0.0,0,0,0,0,Spain
2019-06-02,0.0,0,0,0,0,Spain
2019-06-03,128.61,1,23,1,124,Spain
2019-06-04,0.0,0,0,0,0,Spain
2019-06-05,0.0,0,0,0,0,Spain
2019-06-06,234.26,1,48,1,298,Spain
2019-06-07,0.0,0,0,0,0,Spain
2019-06-08,0.0,0,0,0,0,Spain
2019-06-09,0.0,0,0,0,0,Spain
2019-06-10,0.0,0,0,0,0,Spain
2019-06-11,0.0,0,0,0,0,Spain
2019-06-12,0.0,0,0,0,0,Spain
2019-06-13,221.22,1,61,1,386,Spain
2019-06-14,0.0,0,0,0,0,Spain
2019-06-15,0.0,0,0,0,0,Spain
2019-06-16,120.88,4,31,3,313,Spain
2019-06-17,0.0,0,0,0,0,Spain
2019-06-18,0.0,0,0,0,0,Spain
2019-06-19,0.0,0,0,0,0,Spain
2019-06-20,0.0,0,0,0,0,Spain
2019-06-21,0.0,0,0,0,0,Spain
2019-06-22,0.0,0,0,0,0,Spain
2019-06-23,33.6,1,5,1,49,Spain
2019-06-24,0.0,0,0,0,0,Spain
2019-06-25,0.0,0,0,0,0,Spain
2019-06-26,0.0,0,0,0,0,Spain
2019-06-27,0.0,0,0,0,0,Spain
2019-06-28,0.0,0,0,0,0,Spain
2019-06-29,0.0,0,0,0,0,Spain
2019-06-30,0.0,0,0,0,0,Spain
2019-07-01,30.07,1,15,1,160,Spain
2019-07-02,0.0,0,0,0,0,Spain
2019-07-03,42.5,2,13,2,137,Spain
2019-07-04,139.0,3,26,2,160,Spain
2019-07-05,0.0,0,0,0,0,Spain
2019-07-06,0.0,0,0,0,0,Spain
2019-07-07,0.0,0,0,0,0,Spain
2019-07-08,178.24,1,60,1,163,Spain
2019-07-09,0.0,0,0,0,0,Spain
2019-07-10,0.0,0,0,0,0,Spain
2019-07-11,0.0,0,0,0,0,Spain
2019-07-12,0.0,0,0,0,0,Spain
2019-07-13,0.0,0,0,0,0,Spain
2019-07-14,0.0,0,0,0,0,Spain
2019-07-15,0.0,0,0,0,0,Spain
2019-07-16,0.0,0,0,0,0,Spain
2019-07-17,45.09,1,4,1,19,Spain
2019-07-18,0.0,0,0,0,0,Spain
2019-07-19,0.0,0,0,0,0,Spain
2019-07-20,0.0,0,0,0,0,Spain
2019-07-21,0.0,0,0,0,0,Spain
2019-07-22,164.83,1,47,1,479,Spain
2019-07-23,0.0,0,0,0,0,Spain
2019-07-24,0.0,0,0,0,0,Spain
2019-07-25,45.4,1,8,1,57,Spain
2018-04-18,100.26,1,48,0,518,Hong Kong
2018-04-19,0.0,0,0,0,0,Hong Kong
2018-04-20,0.0,0,0,0,0,Hong Kong
2018-04-21,0.0,0,0,0,0,Hong Kong
2018-04-22,0.0,0,0,0,0,Hong Kong
2018-04-23,0.0,0,0,0,0,Hong Kong
2018-04-24,0.0,0,0,0,0,Hong Kong
2018-04-25,0.0,0,0,0,0,Hong Kong
2018-04-26,0.0,0,0,0,0,Hong Kong
2018-04-27,0.0,0,0,0,0,Hong Kong
2018-04-28,0.0,0,0,0,0,Hong Kong
2018-04-29,0.0,0,0,0,0,Hong Kong
2018-04-30,0.0,0,0,0,0,Hong Kong
2018-05-01,0.0,0,0,0,0,Hong Kong
2018-05-02,0.0,0,0,0,0,Hong Kong
2018-05-03,0.0,0,0,0,0,Hong Kong
2018-05-04,0.0,0,0,0,0,Hong Kong
2018-05-05,0.0,0,0,0,0,Hong Kong
2018-05-06,0.0,0,0,0,0,Hong Kong
2018-05-07,0.0,0,0,0,0,Hong Kong
2018-05-08,0.0,0,0,0,0,Hong Kong
2018-05-09,0.0,0,0,0,0,Hong Kong
2018-05-10,0.0,0,0,0,0,Hong Kong
2018-05-11,0.0,0,0,0,0,Hong Kong
2018-05-12,0.0,0,0,0,0,Hong Kong
2018-05-13,0.0,0,0,0,0,Hong Kong
2018-05-14,0.0,0,0,0,0,Hong Kong
2018-05-15,0.0,0,0,0,0,Hong Kong
2018-05-16,0.0,0,0,0,0,Hong Kong
2018-05-17,0.0,0,0,0,0,Hong Kong
2018-05-18,0.0,0,0,0,0,Hong Kong
2018-05-19,0.0,0,0,0,0,Hong Kong
2018-05-20,0.0,0,0,0,0,Hong Kong
2018-05-21,0.0,0,0,0,0,Hong Kong
2018-05-22,0.0,0,0,0,0,Hong Kong
2018-05-23,4793.22,2,1,0,3,Hong Kong
2018-05-24,0.0,0,0,0,0,Hong Kong
2018-05-25,0.0,0,0,0,0,Hong Kong
2018-05-26,0.0,0,0,0,0,Hong Kong
2018-05-27,0.0,0,0,0,0,Hong Kong
2018-05-28,0.0,0,0,0,0,Hong Kong
2018-05-29,0.0,0,0,0,0,Hong Kong
2018-05-30,0.0,0,0,0,0,Hong Kong
2018-05-31,0.0,0,0,0,0,Hong Kong
2018-06-01,0.0,0,0,0,0,Hong Kong
2018-06-02,0.0,0,0,0,0,Hong Kong
2018-06-03,0.0,0,0,0,0,Hong Kong
2018-06-04,0.0,0,0,0,0,Hong Kong
2018-06-05,0.0,0,0,0,0,Hong Kong
2018-06-06,0.0,0,0,0,0,Hong Kong
2018-06-07,0.0,0,0,0,0,Hong Kong
2018-06-08,0.0,0,0,0,0,Hong Kong
2018-06-09,0.0,0,0,0,0,Hong Kong
2018-06-10,0.0,0,0,0,0,Hong Kong
2018-06-11,0.0,0,0,0,0,Hong Kong
2018-06-12,0.0,0,0,0,0,Hong Kong
2018-06-13,0.0,0,0,0,0,Hong Kong
2018-06-14,0.0,0,0,0,0,Hong Kong
2018-06-15,0.0,0,0,0,0,Hong Kong
2018-06-16,0.0,0,0,0,0,Hong Kong
2018-06-17,0.0,0,0,0,0,Hong Kong
2018-06-18,0.0,0,0,0,0,Hong Kong
2018-06-19,0.0,0,0,0,0,Hong Kong
2018-06-20,0.0,0,0,0,0,Hong Kong
2018-06-21,54.6,1,24,0,272,Hong Kong
2018-06-22,0.0,0,0,0,0,Hong Kong
2018-06-23,0.0,0,0,0,0,Hong Kong
2018-06-24,0.0,0,0,0,0,Hong Kong
2018-06-25,0.0,0,0,0,0,Hong Kong
2018-06-26,0.0,0,0,0,0,Hong Kong
2018-06-27,0.0,0,0,0,0,Hong Kong
2018-06-28,0.0,0,0,0,0,Hong Kong
2018-06-29,0.0,0,0,0,0,Hong Kong
2018-06-30,0.0,0,0,0,0,Hong Kong
2018-07-01,0.0,0,0,0,0,Hong Kong
2018-07-02,0.0,0,0,0,0,Hong Kong
2018-07-03,0.0,0,0,0,0,Hong Kong
2018-07-04,0.0,0,0,0,0,Hong Kong
2018-07-05,0.0,0,0,0,0,Hong Kong
2018-07-06,0.0,0,0,0,0,Hong Kong
2018-07-07,0.0,0,0,0,0,Hong Kong
2018-07-08,0.0,0,0,0,0,Hong Kong
2018-07-09,0.0,0,0,0,0,Hong Kong
2018-07-10,0.0,0,0,0,0,Hong Kong
2018-07-11,0.0,0,0,0,0,Hong Kong
2018-07-12,0.0,0,0,0,0,Hong Kong
2018-07-13,0.0,0,0,0,0,Hong Kong
2018-07-14,0.0,0,0,0,0,Hong Kong
2018-07-15,0.0,0,0,0,0,Hong Kong
2018-07-16,0.0,0,0,0,0,Hong Kong
2018-07-17,0.0,0,0,0,0,Hong Kong
2018-07-18,0.0,0,0,0,0,Hong Kong
2018-07-19,0.0,0,0,0,0,Hong Kong
2018-07-20,0.0,0,0,0,0,Hong Kong
2018-07-21,0.0,0,0,0,0,Hong Kong
2018-07-22,0.0,0,0,0,0,Hong Kong
2018-07-23,0.0,0,0,0,0,Hong Kong
2018-07-24,0.0,0,0,0,0,Hong Kong
2018-07-25,0.0,0,0,0,0,Hong Kong
2018-07-26,0.0,0,0,0,0,Hong Kong
2018-07-27,0.0,0,0,0,0,Hong Kong
2018-07-28,0.0,0,0,0,0,Hong Kong
2018-07-29,0.0,0,0,0,0,Hong Kong
2018-07-30,0.0,0,0,0,0,Hong Kong
2018-07-31,0.0,0,0,0,0,Hong Kong
2018-08-01,0.0,0,0,0,0,Hong Kong
2018-08-02,0.0,0,0,0,0,Hong Kong
2018-08-03,0.0,0,0,0,0,Hong Kong
2018-08-04,0.0,0,0,0,0,Hong Kong
2018-08-05,0.0,0,0,0,0,Hong Kong
2018-08-06,0.0,0,0,0,0,Hong Kong
2018-08-07,0.0,0,0,0,0,Hong Kong
2018-08-08,3767.3,2,1,0,5,Hong Kong
2018-08-09,0.0,0,0,0,0,Hong Kong
2018-08-10,0.0,0,0,0,0,Hong Kong
2018-08-11,0.0,0,0,0,0,Hong Kong
2018-08-12,0.0,0,0,0,0,Hong Kong
2018-08-13,0.0,0,0,0,0,Hong Kong
2018-08-14,0.0,0,0,0,0,Hong Kong
2018-08-15,0.0,0,0,0,0,Hong Kong
2018-08-16,0.0,0,0,0,0,Hong Kong
2018-08-17,0.0,0,0,0,0,Hong Kong
2018-08-18,0.0,0,0,0,0,Hong Kong
2018-08-19,0.0,0,0,0,0,Hong Kong
2018-08-20,0.0,0,0,0,0,Hong Kong
2018-08-21,0.0,0,0,0,0,Hong Kong
2018-08-22,0.0,0,0,0,0,Hong Kong
2018-08-23,0.0,0,0,0,0,Hong Kong
2018-08-24,0.0,0,0,0,0,Hong Kong
2018-08-25,0.0,0,0,0,0,Hong Kong
2018-08-26,0.0,0,0,0,0,Hong Kong
2018-08-27,0.0,0,0,0,0,Hong Kong
2018-08-28,0.0,0,0,0,0,Hong Kong
2018-08-29,0.0,0,0,0,0,Hong Kong
2018-08-30,0.0,0,0,0,0,Hong Kong
2018-08-31,0.0,0,0,0,0,Hong Kong
2018-09-01,0.0,0,0,0,0,Hong Kong
2018-09-02,0.0,0,0,0,0,Hong Kong
2018-09-03,0.0,0,0,0,0,Hong Kong
2018-09-04,0.0,0,0,0,0,Hong Kong
2018-09-05,0.0,0,0,0,0,Hong Kong
2018-09-06,0.0,0,0,0,0,Hong Kong
2018-09-07,0.0,0,0,0,0,Hong Kong
2018-09-08,0.0,0,0,0,0,Hong Kong
2018-09-09,0.0,0,0,0,0,Hong Kong
2018-09-10,0.0,0,0,0,0,Hong Kong
2018-09-11,0.0,0,0,0,0,Hong Kong
2018-09-12,0.0,0,0,0,0,Hong Kong
2018-09-13,0.0,0,0,0,0,Hong Kong
2018-09-14,0.0,0,0,0,0,Hong Kong
2018-09-15,0.0,0,0,0,0,Hong Kong
2018-09-16,0.0,0,0,0,0,Hong Kong
2018-09-17,0.0,0,0,0,0,Hong Kong
2018-09-18,0.0,0,0,0,0,Hong Kong
2018-09-19,0.0,0,0,0,0,Hong Kong
2018-09-20,0.0,0,0,0,0,Hong Kong
2018-09-21,0.0,0,0,0,0,Hong Kong
2018-09-22,0.0,0,0,0,0,Hong Kong
2018-09-23,0.0,0,0,0,0,Hong Kong
2018-09-24,0.0,0,0,0,0,Hong Kong
2018-09-25,0.0,0,0,0,0,Hong Kong
2018-09-26,0.0,0,0,0,0,Hong Kong
2018-09-27,0.0,0,0,0,0,Hong Kong
2018-09-28,0.0,0,0,0,0,Hong Kong
2018-09-29,0.0,0,0,0,0,Hong Kong
2018-09-30,0.0,0,0,0,0,Hong Kong
2018-10-01,0.0,0,0,0,0,Hong Kong
2018-10-02,0.0,0,0,0,0,Hong Kong
2018-10-03,0.0,0,0,0,0,Hong Kong
2018-10-04,0.0,0,0,0,0,Hong Kong
2018-10-05,0.0,0,0,0,0,Hong Kong
2018-10-06,0.0,0,0,0,0,Hong Kong
2018-10-07,0.0,0,0,0,0,Hong Kong
2018-10-08,0.0,0,0,0,0,Hong Kong
2018-10-09,0.0,0,0,0,0,Hong Kong
2018-10-10,0.0,0,0,0,0,Hong Kong
2018-10-11,0.0,0,0,0,0,Hong Kong
2018-10-12,0.0,0,0,0,0,Hong Kong
2018-10-13,0.0,0,0,0,0,Hong Kong
2018-10-14,0.0,0,0,0,0,Hong Kong
2018-10-15,0.0,0,0,0,0,Hong Kong
2018-10-16,0.0,0,0,0,0,Hong Kong
2018-10-17,0.0,0,0,0,0,Hong Kong
2018-10-18,0.0,0,0,0,0,Hong Kong
2018-10-19,0.0,0,0,0,0,Hong Kong
2018-10-20,0.0,0,0,0,0,Hong Kong
2018-10-21,0.0,0,0,0,0,Hong Kong
2018-10-22,0.0,0,0,0,0,Hong Kong
2018-10-23,0.0,0,0,0,0,Hong Kong
2018-10-24,0.0,0,0,0,0,Hong Kong
2018-10-25,0.0,0,0,0,0,Hong Kong
2018-10-26,0.0,0,0,0,0,Hong Kong
2018-10-27,0.0,0,0,0,0,Hong Kong
2018-10-28,0.0,0,0,0,0,Hong Kong
2018-10-29,0.0,0,0,0,0,Hong Kong
2018-10-30,0.0,0,0,0,0,Hong Kong
2018-10-31,0.0,0,0,0,0,Hong Kong
2018-11-01,0.0,0,0,0,0,Hong Kong
2018-11-02,0.0,0,0,0,0,Hong Kong
2018-11-03,0.0,0,0,0,0,Hong Kong
2018-11-04,0.0,0,0,0,0,Hong Kong
2018-11-05,0.0,0,0,0,0,Hong Kong
2018-11-06,0.0,0,0,0,0,Hong Kong
2018-11-07,0.0,0,0,0,0,Hong Kong
2018-11-08,0.0,0,0,0,0,Hong Kong
2018-11-09,0.0,0,0,0,0,Hong Kong
2018-11-10,0.0,0,0,0,0,Hong Kong
2018-11-11,0.0,0,0,0,0,Hong Kong
2018-11-12,0.0,0,0,0,0,Hong Kong
2018-11-13,0.0,0,0,0,0,Hong Kong
2018-11-14,0.0,0,0,0,0,Hong Kong
2018-11-15,0.0,0,0,0,0,Hong Kong
2018-11-16,0.0,0,0,0,0,Hong Kong
2018-11-17,0.0,0,0,0,0,Hong Kong
2018-11-18,0.0,0,0,0,0,Hong Kong
2018-11-19,0.0,0,0,0,0,Hong Kong
2018-11-20,0.0,0,0,0,0,Hong Kong
2018-11-21,0.0,0,0,0,0,Hong Kong
2018-11-22,0.0,0,0,0,0,Hong Kong
2018-11-23,0.0,0,0,0,0,Hong Kong
2018-11-24,0.0,0,0,0,0,Hong Kong
2018-11-25,0.0,0,0,0,0,Hong Kong
2018-11-26,0.0,0,0,0,0,Hong Kong
2018-11-27,0.0,0,0,0,0,Hong Kong
2018-11-28,0.0,0,0,0,0,Hong Kong
2018-11-29,0.0,0,0,0,0,Hong Kong
2018-11-30,0.0,0,0,0,0,Hong Kong
2018-12-01,0.0,0,0,0,0,Hong Kong
2018-12-02,0.0,0,0,0,0,Hong Kong
2018-12-03,0.0,0,0,0,0,Hong Kong
2018-12-04,0.0,0,0,0,0,Hong Kong
2018-12-05,0.0,0,0,0,0,Hong Kong
2018-12-06,0.0,0,0,0,0,Hong Kong
2018-12-07,0.0,0,0,0,0,Hong Kong
2018-12-08,0.0,0,0,0,0,Hong Kong
2018-12-09,0.0,0,0,0,0,Hong Kong
2018-12-10,0.0,0,0,0,0,Hong Kong
2018-12-11,0.0,0,0,0,0,Hong Kong
2018-12-12,0.0,0,0,0,0,Hong Kong
2018-12-13,0.0,0,0,0,0,Hong Kong
2018-12-14,0.0,0,0,0,0,Hong Kong
2018-12-15,0.0,0,0,0,0,Hong Kong
2018-12-16,0.0,0,0,0,0,Hong Kong
2018-12-17,0.0,0,0,0,0,Hong Kong
2018-12-18,0.0,0,0,0,0,Hong Kong
2018-12-19,0.0,0,0,0,0,Hong Kong
2018-12-20,0.0,0,0,0,0,Hong Kong
2018-12-21,0.0,0,0,0,0,Hong Kong
2018-12-22,0.0,0,0,0,0,Hong Kong
2018-12-23,0.0,0,0,0,0,Hong Kong
2018-12-24,0.0,0,0,0,0,Hong Kong
2018-12-25,0.0,0,0,0,0,Hong Kong
2018-12-26,0.0,0,0,0,0,Hong Kong
2018-12-27,0.0,0,0,0,0,Hong Kong
2018-12-28,0.0,0,0,0,0,Hong Kong
2018-12-29,0.0,0,0,0,0,Hong Kong
2018-12-30,0.0,0,0,0,0,Hong Kong
2018-12-31,0.0,0,0,0,0,Hong Kong
2019-01-01,0.0,0,0,0,0,Hong Kong
2019-01-02,0.0,0,0,0,0,Hong Kong
2019-01-03,0.0,0,0,0,0,Hong Kong
2019-01-04,0.0,0,0,0,0,Hong Kong
2019-01-05,0.0,0,0,0,0,Hong Kong
2019-01-06,0.0,0,0,0,0,Hong Kong
2019-01-07,0.0,0,0,0,0,Hong Kong
2019-01-08,0.0,0,0,0,0,Hong Kong
2019-01-09,0.0,0,0,0,0,Hong Kong
2019-01-10,0.0,0,0,0,0,Hong Kong
2019-01-11,0.0,0,0,0,0,Hong Kong
2019-01-12,0.0,0,0,0,0,Hong Kong
2019-01-13,0.0,0,0,0,0,Hong Kong
2019-01-14,0.0,0,0,0,0,Hong Kong
2019-01-15,0.0,0,0,0,0,Hong Kong
2019-01-16,0.0,0,0,0,0,Hong Kong
2019-01-17,0.0,0,0,0,0,Hong Kong
2019-01-18,0.0,0,0,0,0,Hong Kong
2019-01-19,0.0,0,0,0,0,Hong Kong
2019-01-20,0.0,0,0,0,0,Hong Kong
2019-01-21,167.66,1,47,0,528,Hong Kong
2019-01-22,0.0,0,0,0,0,Hong Kong
2019-01-23,0.0,0,0,0,0,Hong Kong
2019-01-24,0.0,0,0,0,0,Hong Kong
2019-01-25,0.0,0,0,0,0,Hong Kong
2019-01-26,0.0,0,0,0,0,Hong Kong
2019-01-27,0.0,0,0,0,0,Hong Kong
2019-01-28,0.0,0,0,0,0,Hong Kong
2019-01-29,0.0,0,0,0,0,Hong Kong
2019-01-30,0.0,0,0,0,0,Hong Kong
2019-01-31,0.0,0,0,0,0,Hong Kong
2019-02-01,0.0,0,0,0,0,Hong Kong
2019-02-02,0.0,0,0,0,0,Hong Kong
2019-02-03,0.0,0,0,0,0,Hong Kong
2019-02-04,0.0,0,0,0,0,Hong Kong
2019-02-05,0.0,0,0,0,0,Hong Kong
2019-02-06,0.0,0,0,0,0,Hong Kong
2019-02-07,0.0,0,0,0,0,Hong Kong
2019-02-08,0.0,0,0,0,0,Hong Kong
2019-02-09,0.0,0,0,0,0,Hong Kong
2019-02-10,0.0,0,0,0,0,Hong Kong
2019-02-11,0.0,0,0,0,0,Hong Kong
2019-02-12,0.0,0,0,0,0,Hong Kong
2019-02-13,0.0,0,0,0,0,Hong Kong
2019-02-14,0.0,0,0,0,0,Hong Kong
2019-02-15,0.0,0,0,0,0,Hong Kong
2019-02-16,0.0,0,0,0,0,Hong Kong
2019-02-17,0.0,0,0,0,0,Hong Kong
2019-02-18,0.0,0,0,0,0,Hong Kong
2019-02-19,0.0,0,0,0,0,Hong Kong
2019-02-20,0.0,0,0,0,0,Hong Kong
2019-02-21,0.0,0,0,0,0,Hong Kong
2019-02-22,0.0,0,0,0,0,Hong Kong
2019-02-23,0.0,0,0,0,0,Hong Kong
2019-02-24,0.0,0,0,0,0,Hong Kong
2019-02-25,0.0,0,0,0,0,Hong Kong
2019-02-26,0.0,0,0,0,0,Hong Kong
2019-02-27,0.0,0,0,0,0,Hong Kong
2019-02-28,0.0,0,0,0,0,Hong Kong
2019-03-01,0.0,0,0,0,0,Hong Kong
2019-03-02,0.0,0,0,0,0,Hong Kong
2019-03-03,0.0,0,0,0,0,Hong Kong
2019-03-04,0.0,0,0,0,0,Hong Kong
2019-03-05,0.0,0,0,0,0,Hong Kong
2019-03-06,0.0,0,0,0,0,Hong Kong
2019-03-07,0.0,0,0,0,0,Hong Kong
2019-03-08,0.0,0,0,0,0,Hong Kong
2019-03-09,0.0,0,0,0,0,Hong Kong
2019-03-10,0.0,0,0,0,0,Hong Kong
2019-03-11,0.0,0,0,0,0,Hong Kong
2019-03-12,5167.52,2,1,0,1,Hong Kong
2019-03-13,0.0,0,0,0,0,Hong Kong
2019-03-14,0.0,0,0,0,0,Hong Kong
2019-03-15,0.0,0,0,0,0,Hong Kong
2019-03-16,0.0,0,0,0,0,Hong Kong
2019-03-17,0.0,0,0,0,0,Hong Kong
2019-03-18,0.0,0,0,0,0,Hong Kong
2019-03-19,0.0,0,0,0,0,Hong Kong
2019-03-20,0.0,0,0,0,0,Hong Kong
2019-03-21,0.0,0,0,0,0,Hong Kong
2019-03-22,0.0,0,0,0,0,Hong Kong
2019-03-23,0.0,0,0,0,0,Hong Kong
2019-03-24,0.0,0,0,0,0,Hong Kong
2019-03-25,0.0,0,0,0,0,Hong Kong
2019-03-26,0.0,0,0,0,0,Hong Kong
2019-03-27,0.0,0,0,0,0,Hong Kong
2019-03-28,0.0,0,0,0,0,Hong Kong
2019-03-29,0.0,0,0,0,0,Hong Kong
2019-03-30,0.0,0,0,0,0,Hong Kong
2019-03-31,0.0,0,0,0,0,Hong Kong
2019-04-01,0.0,0,0,0,0,Hong Kong
2019-04-02,0.0,0,0,0,0,Hong Kong
2019-04-03,0.0,0,0,0,0,Hong Kong
2019-04-04,0.0,0,0,0,0,Hong Kong
2019-04-05,0.0,0,0,0,0,Hong Kong
2019-04-06,0.0,0,0,0,0,Hong Kong
2019-04-07,0.0,0,0,0,0,Hong Kong
2019-04-08,0.0,0,0,0,0,Hong Kong
2019-04-09,113.41,1,32,0,291,Hong Kong
2019-04-10,0.0,0,0,0,0,Hong Kong
2019-04-11,0.0,0,0,0,0,Hong Kong
2019-04-12,0.0,0,0,0,0,Hong Kong
2019-04-13,0.0,0,0,0,0,Hong Kong
2019-04-14,0.0,0,0,0,0,Hong Kong
2019-04-15,0.0,0,0,0,0,Hong Kong
2019-04-16,0.0,0,0,0,0,Hong Kong
2019-04-17,0.0,0,0,0,0,Hong Kong
2019-04-18,0.0,0,0,0,0,Hong Kong
2019-04-19,0.0,0,0,0,0,Hong Kong
2019-04-20,0.0,0,0,0,0,Hong Kong
2019-04-21,0.0,0,0,0,0,Hong Kong
2019-04-22,0.0,0,0,0,0,Hong Kong
2019-04-23,0.0,0,0,0,0,Hong Kong
2019-04-24,0.0,0,0,0,0,Hong Kong
2019-04-25,0.0,0,0,0,0,Hong Kong
2019-04-26,0.0,0,0,0,0,Hong Kong
2019-04-27,0.0,0,0,0,0,Hong Kong
2019-04-28,0.0,0,0,0,0,Hong Kong
2019-04-29,0.0,0,0,0,0,Hong Kong
2019-04-30,0.0,0,0,0,0,Hong Kong
2019-05-01,0.0,0,0,0,0,Hong Kong
2019-05-02,0.0,0,0,0,0,Hong Kong
2019-05-03,0.0,0,0,0,0,Hong Kong
2019-05-04,0.0,0,0,0,0,Hong Kong
2019-05-05,0.0,0,0,0,0,Hong Kong
2019-05-06,0.0,0,0,0,0,Hong Kong
2019-05-07,0.0,0,0,0,0,Hong Kong
2019-05-08,0.0,0,0,0,0,Hong Kong
2019-05-09,0.0,0,0,0,0,Hong Kong
2019-05-10,217.96,1,93,0,855,Hong Kong
2019-05-11,0.0,0,0,0,0,Hong Kong
2019-05-12,0.0,0,0,0,0,Hong Kong
2019-05-13,0.0,0,0,0,0,Hong Kong
2019-05-14,0.0,0,0,0,0,Hong Kong
2019-05-15,0.0,0,0,0,0,Hong Kong
2019-05-16,0.0,0,0,0,0,Hong Kong
2019-05-17,0.0,0,0,0,0,Hong Kong
2019-05-18,0.0,0,0,0,0,Hong Kong
2019-05-19,0.0,0,0,0,0,Hong Kong
2019-05-20,0.0,0,0,0,0,Hong Kong
2019-05-21,0.0,0,0,0,0,Hong Kong
2019-05-22,0.0,0,0,0,0,Hong Kong
2019-05-23,0.0,0,0,0,0,Hong Kong
2019-05-24,0.0,0,0,0,0,Hong Kong
2019-05-25,0.0,0,0,0,0,Hong Kong
2019-05-26,0.0,0,0,0,0,Hong Kong
2019-05-27,0.0,0,0,0,0,Hong Kong
2019-05-28,0.0,0,0,0,0,Hong Kong
2019-05-29,0.0,0,0,0,0,Hong Kong
2019-05-30,0.0,0,0,0,0,Hong Kong
2019-05-31,0.0,0,0,0,0,Hong Kong
2019-06-01,0.0,0,0,0,0,Hong Kong
2019-06-02,0.0,0,0,0,0,Hong Kong
2019-06-03,0.0,0,0,0,0,Hong Kong
2019-06-04,0.0,0,0,0,0,Hong Kong
2019-06-05,0.0,0,0,0,0,Hong Kong
2019-06-06,0.0,0,0,0,0,Hong Kong
2019-06-07,0.0,0,0,0,0,Hong Kong
2019-06-08,0.0,0,0,0,0,Hong Kong
2019-06-09,0.0,0,0,0,0,Hong Kong
2019-06-10,0.0,0,0,0,0,Hong Kong
2019-06-11,0.0,0,0,0,0,Hong Kong
2019-06-12,0.0,0,0,0,0,Hong Kong
2019-06-13,0.0,0,0,0,0,Hong Kong
2019-06-14,0.0,0,0,0,0,Hong Kong
2019-06-15,0.0,0,0,0,0,Hong Kong
2019-06-16,0.0,0,0,0,0,Hong Kong
2019-06-17,0.0,0,0,0,0,Hong Kong
2019-06-18,0.0,0,0,0,0,Hong Kong
2019-06-19,59.44,1,16,0,150,Hong Kong
2017-11-28,208.75,1,79,1,771,Portugal
2017-11-29,0.0,0,0,0,0,Portugal
2017-11-30,0.0,0,0,0,0,Portugal
2017-12-01,0.0,0,0,0,0,Portugal
2017-12-02,0.0,0,0,0,0,Portugal
2017-12-03,0.0,0,0,0,0,Portugal
2017-12-04,0.0,0,0,0,0,Portugal
2017-12-05,85.6,1,19,1,121,Portugal
2017-12-06,0.0,0,0,0,0,Portugal
2017-12-07,0.0,0,0,0,0,Portugal
2017-12-08,0.0,0,0,0,0,Portugal
2017-12-09,0.0,0,0,0,0,Portugal
2017-12-10,0.0,0,0,0,0,Portugal
2017-12-11,0.0,0,0,0,0,Portugal
2017-12-12,0.0,0,0,0,0,Portugal
2017-12-13,0.0,0,0,0,0,Portugal
2017-12-14,0.0,0,0,0,0,Portugal
2017-12-15,0.0,0,0,0,0,Portugal
2017-12-16,0.0,0,0,0,0,Portugal
2017-12-17,0.0,0,0,0,0,Portugal
2017-12-18,0.0,0,0,0,0,Portugal
2017-12-19,0.0,0,0,0,0,Portugal
2017-12-20,0.0,0,0,0,0,Portugal
2017-12-21,0.0,0,0,0,0,Portugal
2017-12-22,0.0,0,0,0,0,Portugal
2017-12-23,0.0,0,0,0,0,Portugal
2017-12-24,0.0,0,0,0,0,Portugal
2017-12-25,0.0,0,0,0,0,Portugal
2017-12-26,0.0,0,0,0,0,Portugal
2017-12-27,0.0,0,0,0,0,Portugal
2017-12-28,0.0,0,0,0,0,Portugal
2017-12-29,0.0,0,0,0,0,Portugal
2017-12-30,0.0,0,0,0,0,Portugal
2017-12-31,0.0,0,0,0,0,Portugal
2018-01-01,0.0,0,0,0,0,Portugal
2018-01-02,0.0,0,0,0,0,Portugal
2018-01-03,0.0,0,0,0,0,Portugal
2018-01-04,0.0,0,0,0,0,Portugal
2018-01-05,0.0,0,0,0,0,Portugal
2018-01-06,0.0,0,0,0,0,Portugal
2018-01-07,0.0,0,0,0,0,Portugal
2018-01-08,0.0,0,0,0,0,Portugal
2018-01-09,0.0,0,0,0,0,Portugal
2018-01-10,0.0,0,0,0,0,Portugal
2018-01-11,0.0,0,0,0,0,Portugal
2018-01-12,0.0,0,0,0,0,Portugal
2018-01-13,0.0,0,0,0,0,Portugal
2018-01-14,0.0,0,0,0,0,Portugal
2018-01-15,0.0,0,0,0,0,Portugal
2018-01-16,0.0,0,0,0,0,Portugal
2018-01-17,0.0,0,0,0,0,Portugal
2018-01-18,0.0,0,0,0,0,Portugal
2018-01-19,0.0,0,0,0,0,Portugal
2018-01-20,0.0,0,0,0,0,Portugal
2018-01-21,0.0,0,0,0,0,Portugal
2018-01-22,0.0,0,0,0,0,Portugal
2018-01-23,130.85,2,1,2,3,Portugal
2018-01-24,0.0,0,0,0,0,Portugal
2018-01-25,0.0,0,0,0,0,Portugal
2018-01-26,0.0,0,0,0,0,Portugal
2018-01-27,0.0,0,0,0,0,Portugal
2018-01-28,0.0,0,0,0,0,Portugal
2018-01-29,83.57,2,24,1,192,Portugal
2018-01-30,0.0,0,0,0,0,Portugal
2018-01-31,0.0,0,0,0,0,Portugal
2018-02-01,0.0,0,0,0,0,Portugal
2018-02-02,0.0,0,0,0,0,Portugal
2018-02-03,0.0,0,0,0,0,Portugal
2018-02-04,0.0,0,0,0,0,Portugal
2018-02-05,0.0,0,0,0,0,Portugal
2018-02-06,0.0,0,0,0,0,Portugal
2018-02-07,30.12,1,4,1,43,Portugal
2018-02-08,0.0,0,0,0,0,Portugal
2018-02-09,0.0,0,0,0,0,Portugal
2018-02-10,0.0,0,0,0,0,Portugal
2018-02-11,0.0,0,0,0,0,Portugal
2018-02-12,0.0,0,0,0,0,Portugal
2018-02-13,0.0,0,0,0,0,Portugal
2018-02-14,0.0,0,0,0,0,Portugal
2018-02-15,0.0,0,0,0,0,Portugal
2018-02-16,0.0,0,0,0,0,Portugal
2018-02-17,0.0,0,0,0,0,Portugal
2018-02-18,0.0,0,0,0,0,Portugal
2018-02-19,0.0,0,0,0,0,Portugal
2018-02-20,0.0,0,0,0,0,Portugal
2018-02-21,0.0,0,0,0,0,Portugal
2018-02-22,0.0,0,0,0,0,Portugal
2018-02-23,0.0,0,0,0,0,Portugal
2018-02-24,0.0,0,0,0,0,Portugal
2018-02-25,0.0,0,0,0,0,Portugal
2018-02-26,0.0,0,0,0,0,Portugal
2018-02-27,259.79,2,35,2,194,Portugal
2018-02-28,0.0,0,0,0,0,Portugal
2018-03-01,0.0,0,0,0,0,Portugal
2018-03-02,0.0,0,0,0,0,Portugal
2018-03-03,0.0,0,0,0,0,Portugal
2018-03-04,0.0,0,0,0,0,Portugal
2018-03-05,7.95,1,1,1,4,Portugal
2018-03-06,0.0,0,0,0,0,Portugal
2018-03-07,0.0,0,0,0,0,Portugal
2018-03-08,0.0,0,0,0,0,Portugal
2018-03-09,0.0,0,0,0,0,Portugal
2018-03-10,0.0,0,0,0,0,Portugal
2018-03-11,0.0,0,0,0,0,Portugal
2018-03-12,0.0,0,0,0,0,Portugal
2018-03-13,0.0,0,0,0,0,Portugal
2018-03-14,0.0,0,0,0,0,Portugal
2018-03-15,0.0,0,0,0,0,Portugal
2018-03-16,0.0,0,0,0,0,Portugal
2018-03-17,0.0,0,0,0,0,Portugal
2018-03-18,0.0,0,0,0,0,Portugal
2018-03-19,0.0,0,0,0,0,Portugal
2018-03-20,7.5,2,2,1,5,Portugal
2018-03-21,156.49,1,64,1,669,Portugal
2018-03-22,0.0,0,0,0,0,Portugal
2018-03-23,0.0,0,0,0,0,Portugal
2018-03-24,0.0,0,0,0,0,Portugal
2018-03-25,0.0,0,0,0,0,Portugal
2018-03-26,0.0,0,0,0,0,Portugal
2018-03-27,0.0,0,0,0,0,Portugal
2018-03-28,0.0,0,0,0,0,Portugal
2018-03-29,0.0,0,0,0,0,Portugal
2018-03-30,0.0,0,0,0,0,Portugal
2018-03-31,0.0,0,0,0,0,Portugal
2018-04-01,0.0,0,0,0,0,Portugal
2018-04-02,0.0,0,0,0,0,Portugal
2018-04-03,0.0,0,0,0,0,Portugal
2018-04-04,0.0,0,0,0,0,Portugal
2018-04-05,0.0,0,0,0,0,Portugal
2018-04-06,0.0,0,0,0,0,Portugal
2018-04-07,0.0,0,0,0,0,Portugal
2018-04-08,0.0,0,0,0,0,Portugal
2018-04-09,0.0,0,0,0,0,Portugal
2018-04-10,0.0,0,0,0,0,Portugal
2018-04-11,0.0,0,0,0,0,Portugal
2018-04-12,0.0,0,0,0,0,Portugal
2018-04-13,0.0,0,0,0,0,Portugal
2018-04-14,0.0,0,0,0,0,Portugal
2018-04-15,0.0,0,0,0,0,Portugal
2018-04-16,0.0,0,0,0,0,Portugal
2018-04-17,0.0,0,0,0,0,Portugal
2018-04-18,0.0,0,0,0,0,Portugal
2018-04-19,0.0,0,0,0,0,Portugal
2018-04-20,0.0,0,0,0,0,Portugal
2018-04-21,0.0,0,0,0,0,Portugal
2018-04-22,0.0,0,0,0,0,Portugal
2018-04-23,0.0,0,0,0,0,Portugal
2018-04-24,0.0,0,0,0,0,Portugal
2018-04-25,0.0,0,0,0,0,Portugal
2018-04-26,11.78,2,6,1,19,Portugal
2018-04-27,0.0,0,0,0,0,Portugal
2018-04-28,0.0,0,0,0,0,Portugal
2018-04-29,0.0,0,0,0,0,Portugal
2018-04-30,0.0,0,0,0,0,Portugal
2018-05-01,0.0,0,0,0,0,Portugal
2018-05-02,0.0,0,0,0,0,Portugal
2018-05-03,0.0,0,0,0,0,Portugal
2018-05-04,0.0,0,0,0,0,Portugal
2018-05-05,0.0,0,0,0,0,Portugal
2018-05-06,0.0,0,0,0,0,Portugal
2018-05-07,0.0,0,0,0,0,Portugal
2018-05-08,0.0,0,0,0,0,Portugal
2018-05-09,0.0,0,0,0,0,Portugal
2018-05-10,0.0,0,0,0,0,Portugal
2018-05-11,0.0,0,0,0,0,Portugal
2018-05-12,0.0,0,0,0,0,Portugal
2018-05-13,0.0,0,0,0,0,Portugal
2018-05-14,0.0,0,0,0,0,Portugal
2018-05-15,0.0,0,0,0,0,Portugal
2018-05-16,0.0,0,0,0,0,Portugal
2018-05-17,0.0,0,0,0,0,Portugal
2018-05-18,0.0,0,0,0,0,Portugal
2018-05-19,0.0,0,0,0,0,Portugal
2018-05-20,161.95,1,22,1,107,Portugal
2018-05-21,24.22,2,6,1,72,Portugal
2018-05-22,0.0,0,0,0,0,Portugal
2018-05-23,0.0,0,0,0,0,Portugal
2018-05-24,0.0,0,0,0,0,Portugal
2018-05-25,0.0,0,0,0,0,Portugal
2018-05-26,0.0,0,0,0,0,Portugal
2018-05-27,0.0,0,0,0,0,Portugal
2018-05-28,0.0,0,0,0,0,Portugal
2018-05-29,0.0,0,0,0,0,Portugal
2018-05-30,0.0,0,0,0,0,Portugal
2018-05-31,0.0,0,0,0,0,Portugal
2018-06-01,19.7,1,4,1,4,Portugal
2018-06-02,0.0,0,0,0,0,Portugal
2018-06-03,0.0,0,0,0,0,Portugal
2018-06-04,0.0,0,0,0,0,Portugal
2018-06-05,0.0,0,0,0,0,Portugal
2018-06-06,91.57,1,35,1,348,Portugal
2018-06-07,0.0,0,0,0,0,Portugal
2018-06-08,0.0,0,0,0,0,Portugal
2018-06-09,0.0,0,0,0,0,Portugal
2018-06-10,0.0,0,0,0,0,Portugal
2018-06-11,0.0,0,0,0,0,Portugal
2018-06-12,0.0,0,0,0,0,Portugal
2018-06-13,0.0,0,0,0,0,Portugal
2018-06-14,0.0,0,0,0,0,Portugal
2018-06-15,0.0,0,0,0,0,Portugal
2018-06-16,0.0,0,0,0,0,Portugal
2018-06-17,0.0,0,0,0,0,Portugal
2018-06-18,0.0,0,0,0,0,Portugal
2018-06-19,146.45,1,23,1,131,Portugal
2018-06-20,100.79,1,22,1,148,Portugal
2018-06-21,0.0,0,0,0,0,Portugal
2018-06-22,0.0,0,0,0,0,Portugal
2018-06-23,0.0,0,0,0,0,Portugal
2018-06-24,0.0,0,0,0,0,Portugal
2018-06-25,263.12,1,72,1,541,Portugal
2018-06-26,0.0,0,0,0,0,Portugal
2018-06-27,0.0,0,0,0,0,Portugal
2018-06-28,0.0,0,0,0,0,Portugal
2018-06-29,0.0,0,0,0,0,Portugal
2018-06-30,0.0,0,0,0,0,Portugal
2018-07-01,0.0,0,0,0,0,Portugal
2018-07-02,0.0,0,0,0,0,Portugal
2018-07-03,0.0,0,0,0,0,Portugal
2018-07-04,0.0,0,0,0,0,Portugal
2018-07-05,96.85,1,16,1,72,Portugal
2018-07-06,0.0,0,0,0,0,Portugal
2018-07-07,0.0,0,0,0,0,Portugal
2018-07-08,0.0,0,0,0,0,Portugal
2018-07-09,0.0,0,0,0,0,Portugal
2018-07-10,0.0,0,0,0,0,Portugal
2018-07-11,0.0,0,0,0,0,Portugal
2018-07-12,0.0,0,0,0,0,Portugal
2018-07-13,0.0,0,0,0,0,Portugal
2018-07-14,0.0,0,0,0,0,Portugal
2018-07-15,0.0,0,0,0,0,Portugal
2018-07-16,0.0,0,0,0,0,Portugal
2018-07-17,0.0,0,0,0,0,Portugal
2018-07-18,0.0,0,0,0,0,Portugal
2018-07-19,0.0,0,0,0,0,Portugal
2018-07-20,0.0,0,0,0,0,Portugal
2018-07-21,0.0,0,0,0,0,Portugal
2018-07-22,0.0,0,0,0,0,Portugal
2018-07-23,0.0,0,0,0,0,Portugal
2018-07-24,0.0,0,0,0,0,Portugal
2018-07-25,0.0,0,0,0,0,Portugal
2018-07-26,0.0,0,0,0,0,Portugal
2018-07-27,0.0,0,0,0,0,Portugal
2018-07-28,0.0,0,0,0,0,Portugal
2018-07-29,0.0,0,0,0,0,Portugal
2018-07-30,0.0,0,0,0,0,Portugal
2018-07-31,0.0,0,0,0,0,Portugal
2018-08-01,0.0,0,0,0,0,Portugal
2018-08-02,0.0,0,0,0,0,Portugal
2018-08-03,0.0,0,0,0,0,Portugal
2018-08-04,0.0,0,0,0,0,Portugal
2018-08-05,0.0,0,0,0,0,Portugal
2018-08-06,0.0,0,0,0,0,Portugal
2018-08-07,0.0,0,0,0,0,Portugal
2018-08-08,84.85,1,15,1,104,Portugal
2018-08-09,0.0,0,0,0,0,Portugal
2018-08-10,0.0,0,0,0,0,Portugal
2018-08-11,0.0,0,0,0,0,Portugal
2018-08-12,0.0,0,0,0,0,Portugal
2018-08-13,0.0,0,0,0,0,Portugal
2018-08-14,0.0,0,0,0,0,Portugal
2018-08-15,0.0,0,0,0,0,Portugal
2018-08-16,0.0,0,0,0,0,Portugal
2018-08-17,0.0,0,0,0,0,Portugal
2018-08-18,0.0,0,0,0,0,Portugal
2018-08-19,0.0,0,0,0,0,Portugal
2018-08-20,0.0,0,0,0,0,Portugal
2018-08-21,0.0,0,0,0,0,Portugal
2018-08-22,0.0,0,0,0,0,Portugal
2018-08-23,46.89,1,10,1,85,Portugal
2018-08-24,0.0,0,0,0,0,Portugal
2018-08-25,0.0,0,0,0,0,Portugal
2018-08-26,0.0,0,0,0,0,Portugal
2018-08-27,0.0,0,0,0,0,Portugal
2018-08-28,0.0,0,0,0,0,Portugal
2018-08-29,4.95,1,1,1,0,Portugal
2018-08-30,0.0,0,0,0,0,Portugal
2018-08-31,31.1,1,12,1,95,Portugal
2018-09-01,0.0,0,0,0,0,Portugal
2018-09-02,0.0,0,0,0,0,Portugal
2018-09-03,80.5,1,36,1,321,Portugal
2018-09-04,0.0,0,0,0,0,Portugal
2018-09-05,0.0,0,0,0,0,Portugal
2018-09-06,0.0,0,0,0,0,Portugal
2018-09-07,0.0,0,0,0,0,Portugal
2018-09-08,0.0,0,0,0,0,Portugal
2018-09-09,0.0,0,0,0,0,Portugal
2018-09-10,0.0,0,0,0,0,Portugal
2018-09-11,0.0,0,0,0,0,Portugal
2018-09-12,0.0,0,0,0,0,Portugal
2018-09-13,143.85,1,38,1,285,Portugal
2018-09-14,126.47,1,55,1,463,Portugal
2018-09-15,0.0,0,0,0,0,Portugal
2018-09-16,0.0,0,0,0,0,Portugal
2018-09-17,0.0,0,0,0,0,Portugal
2018-09-18,0.0,0,0,0,0,Portugal
2018-09-19,0.0,0,0,0,0,Portugal
2018-09-20,0.0,0,0,0,0,Portugal
2018-09-21,8.45,1,5,1,5,Portugal
2018-09-22,0.0,0,0,0,0,Portugal
2018-09-23,8.45,1,5,1,16,Portugal
2018-09-24,0.0,0,0,0,0,Portugal
2018-09-25,8.45,1,5,1,8,Portugal
2018-09-26,0.0,0,0,0,0,Portugal
2018-09-27,22.65,1,7,1,39,Portugal
2018-09-28,0.0,0,0,0,0,Portugal
2018-09-29,0.0,0,0,0,0,Portugal
2018-09-30,0.0,0,0,0,0,Portugal
2018-10-01,0.0,0,0,0,0,Portugal
2018-10-02,9.4,1,4,1,13,Portugal
2018-10-03,0.0,0,0,0,0,Portugal
2018-10-04,0.0,0,0,0,0,Portugal
2018-10-05,65.6,1,14,1,98,Portugal
2018-10-06,0.0,0,0,0,0,Portugal
2018-10-07,0.0,0,0,0,0,Portugal
2018-10-08,270.58,3,78,3,731,Portugal
2018-10-09,0.0,0,0,0,0,Portugal
2018-10-10,0.0,0,0,0,0,Portugal
2018-10-11,0.0,0,0,0,0,Portugal
2018-10-12,0.0,0,0,0,0,Portugal
2018-10-13,0.0,0,0,0,0,Portugal
2018-10-14,0.0,0,0,0,0,Portugal
2018-10-15,0.0,0,0,0,0,Portugal
2018-10-16,0.0,0,0,0,0,Portugal
2018-10-17,0.0,0,0,0,0,Portugal
2018-10-18,0.0,0,0,0,0,Portugal
2018-10-19,4.95,1,1,1,1,Portugal
2018-10-20,0.0,0,0,0,0,Portugal
2018-10-21,0.0,0,0,0,0,Portugal
2018-10-22,0.0,0,0,0,0,Portugal
2018-10-23,0.0,0,0,0,0,Portugal
2018-10-24,0.0,0,0,0,0,Portugal
2018-10-25,126.86,1,66,1,642,Portugal
2018-10-26,0.0,0,0,0,0,Portugal
2018-10-27,0.0,0,0,0,0,Portugal
2018-10-28,0.0,0,0,0,0,Portugal
2018-10-29,0.0,0,0,0,0,Portugal
2018-10-30,5.95,1,1,1,1,Portugal
2018-10-31,73.65,1,20,1,166,Portugal
2018-11-01,0.0,0,0,0,0,Portugal
2018-11-02,0.0,0,0,0,0,Portugal
2018-11-03,0.0,0,0,0,0,Portugal
2018-11-04,0.0,0,0,0,0,Portugal
2018-11-05,0.0,0,0,0,0,Portugal
2018-11-06,73.2,1,17,1,140,Portugal
2018-11-07,0.0,0,0,0,0,Portugal
2018-11-08,93.65,1,20,1,233,Portugal
2018-11-09,0.0,0,0,0,0,Portugal
2018-11-10,0.0,0,0,0,0,Portugal
2018-11-11,0.0,0,0,0,0,Portugal
2018-11-12,0.0,0,0,0,0,Portugal
2018-11-13,88.95,1,26,1,201,Portugal
2018-11-14,23.1,2,4,1,12,Portugal
2018-11-15,0.0,0,0,0,0,Portugal
2018-11-16,0.0,0,0,0,0,Portugal
2018-11-17,0.0,0,0,0,0,Portugal
2018-11-18,0.0,0,0,0,0,Portugal
2018-11-19,0.0,0,0,0,0,Portugal
2018-11-20,0.0,0,0,0,0,Portugal
2018-11-21,318.67,2,95,1,283,Portugal
2018-11-22,0.0,0,0,0,0,Portugal
2018-11-23,50.4,1,11,1,83,Portugal
2018-11-24,0.0,0,0,0,0,Portugal
2018-11-25,0.0,0,0,0,0,Portugal
2018-11-26,0.0,0,0,0,0,Portugal
2018-11-27,87.54,1,22,1,163,Portugal
2018-11-28,0.0,0,0,0,0,Portugal
2018-11-29,0.0,0,0,0,0,Portugal
2018-11-30,38.4,1,7,1,65,Portugal
2018-12-01,0.0,0,0,0,0,Portugal
2018-12-02,0.0,0,0,0,0,Portugal
2018-12-03,40.1,1,7,1,53,Portugal
2018-12-04,0.0,0,0,0,0,Portugal
2018-12-05,193.47,1,53,1,431,Portugal
2018-12-06,67.29,1,13,1,104,Portugal
2018-12-07,67.6,1,14,1,115,Portugal
2018-12-08,0.0,0,0,0,0,Portugal
2018-12-09,0.0,0,0,0,0,Portugal
2018-12-10,0.0,0,0,0,0,Portugal
2018-12-11,8.7,2,4,1,10,Portugal
2018-12-12,0.0,0,0,0,0,Portugal
2018-12-13,0.0,0,0,0,0,Portugal
2018-12-14,84.42,1,22,1,165,Portugal
2018-12-15,0.0,0,0,0,0,Portugal
2018-12-16,0.0,0,0,0,0,Portugal
2018-12-17,0.0,0,0,0,0,Portugal
2018-12-18,0.0,0,0,0,0,Portugal
2018-12-19,0.0,0,0,0,0,Portugal
2018-12-20,0.0,0,0,0,0,Portugal
2018-12-21,0.0,0,0,0,0,Portugal
2018-12-22,0.0,0,0,0,0,Portugal
2018-12-23,0.0,0,0,0,0,Portugal
2018-12-24,0.0,0,0,0,0,Portugal
2018-12-25,0.0,0,0,0,0,Portugal
2018-12-26,0.0,0,0,0,0,Portugal
2018-12-27,0.0,0,0,0,0,Portugal
2018-12-28,0.0,0,0,0,0,Portugal
2018-12-29,0.0,0,0,0,0,Portugal
2018-12-30,0.0,0,0,0,0,Portugal
2018-12-31,0.0,0,0,0,0,Portugal
2019-01-01,0.0,0,0,0,0,Portugal
2019-01-02,13.4,1,4,1,2,Portugal
2019-01-03,0.0,0,0,0,0,Portugal
2019-01-04,0.0,0,0,0,0,Portugal
2019-01-05,0.0,0,0,0,0,Portugal
2019-01-06,174.81,2,51,2,471,Portugal
2019-01-07,0.0,0,0,0,0,Portugal
2019-01-08,0.0,0,0,0,0,Portugal
2019-01-09,0.0,0,0,0,0,Portugal
2019-01-10,0.0,0,0,0,0,Portugal
2019-01-11,0.0,0,0,0,0,Portugal
2019-01-12,0.0,0,0,0,0,Portugal
2019-01-13,0.0,0,0,0,0,Portugal
2019-01-14,0.0,0,0,0,0,Portugal
2019-01-15,114.18,1,36,1,479,Portugal
2019-01-16,0.0,0,0,0,0,Portugal
2019-01-17,0.0,0,0,0,0,Portugal
2019-01-18,0.0,0,0,0,0,Portugal
2019-01-19,0.0,0,0,0,0,Portugal
2019-01-20,0.0,0,0,0,0,Portugal
2019-01-21,0.0,0,0,0,0,Portugal
2019-01-22,0.0,0,0,0,0,Portugal
2019-01-23,122.94,1,30,1,210,Portugal
2019-01-24,0.0,0,0,0,0,Portugal
2019-01-25,0.0,0,0,0,0,Portugal
2019-01-26,0.0,0,0,0,0,Portugal
2019-01-27,0.0,0,0,0,0,Portugal
2019-01-28,0.0,0,0,0,0,Portugal
2019-01-29,0.0,0,0,0,0,Portugal
2019-01-30,0.0,0,0,0,0,Portugal
2019-01-31,0.0,0,0,0,0,Portugal
2019-02-01,0.0,0,0,0,0,Portugal
2019-02-02,0.0,0,0,0,0,Portugal
2019-02-03,0.0,0,0,0,0,Portugal
2019-02-04,0.0,0,0,0,0,Portugal
2019-02-05,0.0,0,0,0,0,Portugal
2019-02-06,0.0,0,0,0,0,Portugal
2019-02-07,0.0,0,0,0,0,Portugal
2019-02-08,0.0,0,0,0,0,Portugal
2019-02-09,0.0,0,0,0,0,Portugal
2019-02-10,0.0,0,0,0,0,Portugal
2019-02-11,0.0,0,0,0,0,Portugal
2019-02-12,0.0,0,0,0,0,Portugal
2019-02-13,0.0,0,0,0,0,Portugal
2019-02-14,0.0,0,0,0,0,Portugal
2019-02-15,0.0,0,0,0,0,Portugal
2019-02-16,0.0,0,0,0,0,Portugal
2019-02-17,0.0,0,0,0,0,Portugal
2019-02-18,160.83,1,43,1,346,Portugal
2019-02-19,0.0,0,0,0,0,Portugal
2019-02-20,0.0,0,0,0,0,Portugal
2019-02-21,0.0,0,0,0,0,Portugal
2019-02-22,0.0,0,0,0,0,Portugal
2019-02-23,0.0,0,0,0,0,Portugal
2019-02-24,0.0,0,0,0,0,Portugal
2019-02-25,56.15,1,14,1,104,Portugal
2019-02-26,0.0,0,0,0,0,Portugal
2019-02-27,0.0,0,0,0,0,Portugal
2019-02-28,0.0,0,0,0,0,Portugal
2019-03-01,0.0,0,0,0,0,Portugal
2019-03-02,0.0,0,0,0,0,Portugal
2019-03-03,0.0,0,0,0,0,Portugal
2019-03-04,0.0,0,0,0,0,Portugal
2019-03-05,113.4,1,56,1,603,Portugal
2019-03-06,0.0,0,0,0,0,Portugal
2019-03-07,0.0,0,0,0,0,Portugal
2019-03-08,0.0,0,0,0,0,Portugal
2019-03-09,0.0,0,0,0,0,Portugal
2019-03-10,0.0,0,0,0,0,Portugal
2019-03-11,0.0,0,0,0,0,Portugal
2019-03-12,0.0,0,0,0,0,Portugal
2019-03-13,0.0,0,0,0,0,Portugal
2019-03-14,0.0,0,0,0,0,Portugal
2019-03-15,0.0,0,0,0,0,Portugal
2019-03-16,0.0,0,0,0,0,Portugal
2019-03-17,0.0,0,0,0,0,Portugal
2019-03-18,0.0,0,0,0,0,Portugal
2019-03-19,0.0,0,0,0,0,Portugal
2019-03-20,44.65,1,16,1,105,Portugal
2019-03-21,27.0,1,1,1,1,Portugal
2019-03-22,0.0,0,0,0,0,Portugal
2019-03-23,0.0,0,0,0,0,Portugal
2019-03-24,0.0,0,0,0,0,Portugal
2019-03-25,87.74,1,25,1,197,Portugal
2019-03-26,0.0,0,0,0,0,Portugal
2019-03-27,0.0,0,0,0,0,Portugal
2019-03-28,62.09,1,16,1,157,Portugal
2019-03-29,0.0,0,0,0,0,Portugal
2019-03-30,0.0,0,0,0,0,Portugal
2019-03-31,0.0,0,0,0,0,Portugal
2019-04-01,0.0,0,0,0,0,Portugal
2019-04-02,0.0,0,0,0,0,Portugal
2019-04-03,0.0,0,0,0,0,Portugal
2019-04-04,0.0,0,0,0,0,Portugal
2019-04-05,50.99,1,21,1,191,Portugal
2019-04-06,0.0,0,0,0,0,Portugal
2019-04-07,0.0,0,0,0,0,Portugal
2019-04-08,0.0,0,0,0,0,Portugal
2019-04-09,0.0,0,0,0,0,Portugal
2019-04-10,163.87,1,56,1,497,Portugal
2019-04-11,0.0,0,0,0,0,Portugal
2019-04-12,0.0,0,0,0,0,Portugal
2019-04-13,0.0,0,0,0,0,Portugal
2019-04-14,0.0,0,0,0,0,Portugal
2019-04-15,0.0,0,0,0,0,Portugal
2019-04-16,0.0,0,0,0,0,Portugal
2019-04-17,0.0,0,0,0,0,Portugal
2019-04-18,0.0,0,0,0,0,Portugal
2019-04-19,0.0,0,0,0,0,Portugal
2019-04-20,0.0,0,0,0,0,Portugal
2019-04-21,0.0,0,0,0,0,Portugal
2019-04-22,0.0,0,0,0,0,Portugal
2019-04-23,0.0,0,0,0,0,Portugal
2019-04-24,0.0,0,0,0,0,Portugal
2019-04-25,0.0,0,0,0,0,Portugal
2019-04-26,0.0,0,0,0,0,Portugal
2019-04-27,0.0,0,0,0,0,Portugal
2019-04-28,0.0,0,0,0,0,Portugal
2019-04-29,0.0,0,0,0,0,Portugal
2019-04-30,0.0,0,0,0,0,Portugal
2019-05-01,0.0,0,0,0,0,Portugal
2019-05-02,0.0,0,0,0,0,Portugal
2019-05-03,0.0,0,0,0,0,Portugal
2019-05-04,0.0,0,0,0,0,Portugal
2019-05-05,0.0,0,0,0,0,Portugal
2019-05-06,0.0,0,0,0,0,Portugal
2019-05-07,0.0,0,0,0,0,Portugal
2019-05-08,0.0,0,0,0,0,Portugal
2019-05-09,1279.46,3,75,1,299,Portugal
2019-05-10,0.0,0,0,0,0,Portugal
2019-05-11,0.0,0,0,0,0,Portugal
2019-05-12,0.0,0,0,0,0,Portugal
2019-05-13,0.0,0,0,0,0,Portugal
2019-05-14,0.0,0,0,0,0,Portugal
2019-05-15,0.0,0,0,0,0,Portugal
2019-05-16,0.0,0,0,0,0,Portugal
2019-05-17,0.0,0,0,0,0,Portugal
2019-05-18,0.0,0,0,0,0,Portugal
2019-05-19,0.0,0,0,0,0,Portugal
2019-05-20,6098.36,7,1,1,8,Portugal
2019-05-21,0.0,0,0,0,0,Portugal
2019-05-22,0.0,0,0,0,0,Portugal
2019-05-23,0.0,0,0,0,0,Portugal
2019-05-24,0.0,0,0,0,0,Portugal
2019-05-25,0.0,0,0,0,0,Portugal
2019-05-26,0.0,0,0,0,0,Portugal
2019-05-27,0.0,0,0,0,0,Portugal
2019-05-28,0.0,0,0,0,0,Portugal
2019-05-29,0.0,0,0,0,0,Portugal
2019-05-30,0.0,0,0,0,0,Portugal
2019-05-31,0.0,0,0,0,0,Portugal
2019-06-01,0.0,0,0,0,0,Portugal
2019-06-02,0.0,0,0,0,0,Portugal
2019-06-03,0.0,0,0,0,0,Portugal
2019-06-04,23.65,1,14,1,146,Portugal
2019-06-05,31.9,1,9,1,55,Portugal
2019-06-06,0.0,0,0,0,0,Portugal
2019-06-07,0.0,0,0,0,0,Portugal
2019-06-08,0.0,0,0,0,0,Portugal
2019-06-09,0.0,0,0,0,0,Portugal
2019-06-10,0.0,0,0,0,0,Portugal
2019-06-11,0.0,0,0,0,0,Portugal
2019-06-12,110.23,1,25,1,186,Portugal
2019-06-13,0.0,0,0,0,0,Portugal
2019-06-14,0.0,0,0,0,0,Portugal
2019-06-15,0.0,0,0,0,0,Portugal
2019-06-16,0.0,0,0,0,0,Portugal
2019-06-17,0.0,0,0,0,0,Portugal
2019-06-18,0.0,0,0,0,0,Portugal
2019-06-19,0.0,0,0,0,0,Portugal
2019-06-20,0.0,0,0,0,0,Portugal
2019-06-21,4.95,1,1,1,4,Portugal
2019-06-22,0.0,0,0,0,0,Portugal
2019-06-23,0.0,0,0,0,0,Portugal
2019-06-24,0.0,0,0,0,0,Portugal
2019-06-25,0.0,0,0,0,0,Portugal
2019-06-26,0.0,0,0,0,0,Portugal
2019-06-27,0.0,0,0,0,0,Portugal
2019-06-28,0.0,0,0,0,0,Portugal
2019-06-29,0.0,0,0,0,0,Portugal
2019-06-30,0.0,0,0,0,0,Portugal
2019-07-01,0.0,0,0,0,0,Portugal
2019-07-02,0.0,0,0,0,0,Portugal
2019-07-03,0.0,0,0,0,0,Portugal
2019-07-04,0.0,0,0,0,0,Portugal
2019-07-05,0.0,0,0,0,0,Portugal
2019-07-06,0.0,0,0,0,0,Portugal
2019-07-07,0.0,0,0,0,0,Portugal
2019-07-08,0.0,0,0,0,0,Portugal
2019-07-09,0.0,0,0,0,0,Portugal
2019-07-10,150.72,2,56,2,607,Portugal
2019-07-11,0.0,0,0,0,0,Portugal
2019-07-12,0.0,0,0,0,0,Portugal
2019-07-13,0.0,0,0,0,0,Portugal
2019-07-14,0.0,0,0,0,0,Portugal
2019-07-15,0.0,0,0,0,0,Portugal
2019-07-16,0.0,0,0,0,0,Portugal
2019-07-17,49.49,1,28,1,336,Portugal
2019-07-18,0.0,0,0,0,0,Portugal
2019-07-19,0.0,0,0,0,0,Portugal
2019-07-20,0.0,0,0,0,0,Portugal
2019-07-21,0.0,0,0,0,0,Portugal
2019-07-22,0.0,0,0,0,0,Portugal
2019-07-23,0.0,0,0,0,0,Portugal
2019-07-24,0.0,0,0,0,0,Portugal
2019-07-25,0.0,0,0,0,0,Portugal
2019-07-26,0.0,0,0,0,0,Portugal
2019-07-27,0.0,0,0,0,0,Portugal
2019-07-28,0.0,0,0,0,0,Portugal
2019-07-29,0.0,0,0,0,0,Portugal
2019-07-30,0.0,0,0,0,0,Portugal
2019-07-31,1.25,1,1,1,1,Portugal
2018-04-24,152.76,1,36,1,299,Singapore
2018-04-25,0.0,0,0,0,0,Singapore
2018-04-26,0.0,0,0,0,0,Singapore
2018-04-27,0.0,0,0,0,0,Singapore
2018-04-28,0.0,0,0,0,0,Singapore
2018-04-29,0.0,0,0,0,0,Singapore
2018-04-30,0.0,0,0,0,0,Singapore
2018-05-01,0.0,0,0,0,0,Singapore
2018-05-02,0.0,0,0,0,0,Singapore
2018-05-03,0.0,0,0,0,0,Singapore
2018-05-04,0.0,0,0,0,0,Singapore
2018-05-05,0.0,0,0,0,0,Singapore
2018-05-06,0.0,0,0,0,0,Singapore
2018-05-07,0.0,0,0,0,0,Singapore
2018-05-08,0.0,0,0,0,0,Singapore
2018-05-09,0.0,0,0,0,0,Singapore
2018-05-10,0.0,0,0,0,0,Singapore
2018-05-11,0.0,0,0,0,0,Singapore
2018-05-12,0.0,0,0,0,0,Singapore
2018-05-13,0.0,0,0,0,0,Singapore
2018-05-14,0.0,0,0,0,0,Singapore
2018-05-15,0.0,0,0,0,0,Singapore
2018-05-16,0.0,0,0,0,0,Singapore
2018-05-17,0.0,0,0,0,0,Singapore
2018-05-18,0.0,0,0,0,0,Singapore
2018-05-19,0.0,0,0,0,0,Singapore
2018-05-20,0.0,0,0,0,0,Singapore
2018-05-21,0.0,0,0,0,0,Singapore
2018-05-22,0.0,0,0,0,0,Singapore
2018-05-23,0.0,0,0,0,0,Singapore
2018-05-24,0.0,0,0,0,0,Singapore
2018-05-25,0.0,0,0,0,0,Singapore
2018-05-26,0.0,0,0,0,0,Singapore
2018-05-27,0.0,0,0,0,0,Singapore
2018-05-28,0.0,0,0,0,0,Singapore
2018-05-29,0.0,0,0,0,0,Singapore
2018-05-30,0.0,0,0,0,0,Singapore
2018-05-31,0.0,0,0,0,0,Singapore
2018-06-01,0.0,0,0,0,0,Singapore
2018-06-02,0.0,0,0,0,0,Singapore
2018-06-03,0.0,0,0,0,0,Singapore
2018-06-04,0.0,0,0,0,0,Singapore
2018-06-05,0.0,0,0,0,0,Singapore
2018-06-06,0.0,0,0,0,0,Singapore
2018-06-07,0.0,0,0,0,0,Singapore
2018-06-08,0.0,0,0,0,0,Singapore
2018-06-09,0.0,0,0,0,0,Singapore
2018-06-10,0.0,0,0,0,0,Singapore
2018-06-11,0.0,0,0,0,0,Singapore
2018-06-12,0.0,0,0,0,0,Singapore
2018-06-13,0.0,0,0,0,0,Singapore
2018-06-14,0.0,0,0,0,0,Singapore
2018-06-15,0.0,0,0,0,0,Singapore
2018-06-16,0.0,0,0,0,0,Singapore
2018-06-17,0.0,0,0,0,0,Singapore
2018-06-18,0.0,0,0,0,0,Singapore
2018-06-19,0.0,0,0,0,0,Singapore
2018-06-20,0.0,0,0,0,0,Singapore
2018-06-21,0.0,0,0,0,0,Singapore
2018-06-22,0.0,0,0,0,0,Singapore
2018-06-23,0.0,0,0,0,0,Singapore
2018-06-24,0.0,0,0,0,0,Singapore
2018-06-25,0.0,0,0,0,0,Singapore
2018-06-26,0.0,0,0,0,0,Singapore
2018-06-27,0.0,0,0,0,0,Singapore
2018-06-28,0.0,0,0,0,0,Singapore
2018-06-29,0.0,0,0,0,0,Singapore
2018-06-30,0.0,0,0,0,0,Singapore
2018-07-01,0.0,0,0,0,0,Singapore
2018-07-02,0.0,0,0,0,0,Singapore
2018-07-03,0.0,0,0,0,0,Singapore
2018-07-04,0.0,0,0,0,0,Singapore
2018-07-05,0.0,0,0,0,0,Singapore
2018-07-06,0.0,0,0,0,0,Singapore
2018-07-07,0.0,0,0,0,0,Singapore
2018-07-08,0.0,0,0,0,0,Singapore
2018-07-09,0.0,0,0,0,0,Singapore
2018-07-10,0.0,0,0,0,0,Singapore
2018-07-11,0.0,0,0,0,0,Singapore
2018-07-12,0.0,0,0,0,0,Singapore
2018-07-13,0.0,0,0,0,0,Singapore
2018-07-14,0.0,0,0,0,0,Singapore
2018-07-15,0.0,0,0,0,0,Singapore
2018-07-16,0.0,0,0,0,0,Singapore
2018-07-17,0.0,0,0,0,0,Singapore
2018-07-18,0.0,0,0,0,0,Singapore
2018-07-19,0.0,0,0,0,0,Singapore
2018-07-20,0.0,0,0,0,0,Singapore
2018-07-21,0.0,0,0,0,0,Singapore
2018-07-22,0.0,0,0,0,0,Singapore
2018-07-23,0.0,0,0,0,0,Singapore
2018-07-24,0.0,0,0,0,0,Singapore
2018-07-25,0.0,0,0,0,0,Singapore
2018-07-26,0.0,0,0,0,0,Singapore
2018-07-27,0.0,0,0,0,0,Singapore
2018-07-28,0.0,0,0,0,0,Singapore
2018-07-29,0.0,0,0,0,0,Singapore
2018-07-30,0.0,0,0,0,0,Singapore
2018-07-31,0.0,0,0,0,0,Singapore
2018-08-01,0.0,0,0,0,0,Singapore
2018-08-02,0.0,0,0,0,0,Singapore
2018-08-03,0.0,0,0,0,0,Singapore
2018-08-04,0.0,0,0,0,0,Singapore
2018-08-05,0.0,0,0,0,0,Singapore
2018-08-06,0.0,0,0,0,0,Singapore
2018-08-07,0.0,0,0,0,0,Singapore
2018-08-08,0.0,0,0,0,0,Singapore
2018-08-09,0.0,0,0,0,0,Singapore
2018-08-10,0.0,0,0,0,0,Singapore
2018-08-11,0.0,0,0,0,0,Singapore
2018-08-12,0.0,0,0,0,0,Singapore
2018-08-13,0.0,0,0,0,0,Singapore
2018-08-14,0.0,0,0,0,0,Singapore
2018-08-15,0.0,0,0,0,0,Singapore
2018-08-16,0.0,0,0,0,0,Singapore
2018-08-17,0.0,0,0,0,0,Singapore
2018-08-18,0.0,0,0,0,0,Singapore
2018-08-19,0.0,0,0,0,0,Singapore
2018-08-20,0.0,0,0,0,0,Singapore
2018-08-21,0.0,0,0,0,0,Singapore
2018-08-22,0.0,0,0,0,0,Singapore
2018-08-23,0.0,0,0,0,0,Singapore
2018-08-24,0.0,0,0,0,0,Singapore
2018-08-25,0.0,0,0,0,0,Singapore
2018-08-26,0.0,0,0,0,0,Singapore
2018-08-27,0.0,0,0,0,0,Singapore
2018-08-28,0.0,0,0,0,0,Singapore
2018-08-29,0.0,0,0,0,0,Singapore
2018-08-30,0.0,0,0,0,0,Singapore
2018-08-31,0.0,0,0,0,0,Singapore
2018-09-01,0.0,0,0,0,0,Singapore
2018-09-02,0.0,0,0,0,0,Singapore
2018-09-03,219.75,3,80,1,811,Singapore
2018-09-04,0.0,0,0,0,0,Singapore
2018-09-05,0.0,0,0,0,0,Singapore
2018-09-06,0.0,0,0,0,0,Singapore
2018-09-07,0.0,0,0,0,0,Singapore
2018-09-08,0.0,0,0,0,0,Singapore
2018-09-09,0.0,0,0,0,0,Singapore
2018-09-10,0.0,0,0,0,0,Singapore
2018-09-11,0.0,0,0,0,0,Singapore
2018-09-12,0.0,0,0,0,0,Singapore
2018-09-13,0.0,0,0,0,0,Singapore
2018-09-14,0.0,0,0,0,0,Singapore
2018-09-15,0.0,0,0,0,0,Singapore
2018-09-16,0.0,0,0,0,0,Singapore
2018-09-17,0.0,0,0,0,0,Singapore
2018-09-18,0.0,0,0,0,0,Singapore
2018-09-19,0.0,0,0,0,0,Singapore
2018-09-20,0.0,0,0,0,0,Singapore
2018-09-21,0.0,0,0,0,0,Singapore
2018-09-22,0.0,0,0,0,0,Singapore
2018-09-23,0.0,0,0,0,0,Singapore
2018-09-24,0.0,0,0,0,0,Singapore
2018-09-25,0.0,0,0,0,0,Singapore
2018-09-26,0.0,0,0,0,0,Singapore
2018-09-27,0.0,0,0,0,0,Singapore
2018-09-28,0.0,0,0,0,0,Singapore
2018-09-29,0.0,0,0,0,0,Singapore
2018-09-30,0.0,0,0,0,0,Singapore
2018-10-01,0.0,0,0,0,0,Singapore
2018-10-02,0.0,0,0,0,0,Singapore
2018-10-03,0.0,0,0,0,0,Singapore
2018-10-04,0.0,0,0,0,0,Singapore
2018-10-05,0.0,0,0,0,0,Singapore
2018-10-06,0.0,0,0,0,0,Singapore
2018-10-07,0.0,0,0,0,0,Singapore
2018-10-08,0.0,0,0,0,0,Singapore
2018-10-09,0.0,0,0,0,0,Singapore
2018-10-10,0.0,0,0,0,0,Singapore
2018-10-11,0.0,0,0,0,0,Singapore
2018-10-12,0.0,0,0,0,0,Singapore
2018-10-13,0.0,0,0,0,0,Singapore
2018-10-14,0.0,0,0,0,0,Singapore
2018-10-15,0.0,0,0,0,0,Singapore
2018-10-16,0.0,0,0,0,0,Singapore
2018-10-17,0.0,0,0,0,0,Singapore
2018-10-18,0.0,0,0,0,0,Singapore
2018-10-19,0.0,0,0,0,0,Singapore
2018-10-20,0.0,0,0,0,0,Singapore
2018-10-21,0.0,0,0,0,0,Singapore
2018-10-22,0.0,0,0,0,0,Singapore
2018-10-23,0.0,0,0,0,0,Singapore
2018-10-24,0.0,0,0,0,0,Singapore
2018-10-25,0.0,0,0,0,0,Singapore
2018-10-26,0.0,0,0,0,0,Singapore
2018-10-27,0.0,0,0,0,0,Singapore
2018-10-28,0.0,0,0,0,0,Singapore
2018-10-29,0.0,0,0,0,0,Singapore
2018-10-30,0.0,0,0,0,0,Singapore
2018-10-31,0.0,0,0,0,0,Singapore
2018-11-01,0.0,0,0,0,0,Singapore
2018-11-02,0.0,0,0,0,0,Singapore
2018-11-03,0.0,0,0,0,0,Singapore
2018-11-04,0.0,0,0,0,0,Singapore
2018-11-05,0.0,0,0,0,0,Singapore
2018-11-06,0.0,0,0,0,0,Singapore
2018-11-07,0.0,0,0,0,0,Singapore
2018-11-08,0.0,0,0,0,0,Singapore
2018-11-09,0.0,0,0,0,0,Singapore
2018-11-10,0.0,0,0,0,0,Singapore
2018-11-11,0.0,0,0,0,0,Singapore
2018-11-12,0.0,0,0,0,0,Singapore
2018-11-13,0.0,0,0,0,0,Singapore
2018-11-14,0.0,0,0,0,0,Singapore
2018-11-15,0.0,0,0,0,0,Singapore
2018-11-16,0.0,0,0,0,0,Singapore
2018-11-17,0.0,0,0,0,0,Singapore
2018-11-18,0.0,0,0,0,0,Singapore
2018-11-19,0.0,0,0,0,0,Singapore
2018-11-20,0.0,0,0,0,0,Singapore
2018-11-21,0.0,0,0,0,0,Singapore
2018-11-22,0.0,0,0,0,0,Singapore
2018-11-23,0.0,0,0,0,0,Singapore
2018-11-24,0.0,0,0,0,0,Singapore
2018-11-25,0.0,0,0,0,0,Singapore
2018-11-26,0.0,0,0,0,0,Singapore
2018-11-27,0.0,0,0,0,0,Singapore
2018-11-28,0.0,0,0,0,0,Singapore
2018-11-29,0.0,0,0,0,0,Singapore
2018-11-30,0.0,0,0,0,0,Singapore
2018-12-01,0.0,0,0,0,0,Singapore
2018-12-02,0.0,0,0,0,0,Singapore
2018-12-03,0.0,0,0,0,0,Singapore
2018-12-04,0.0,0,0,0,0,Singapore
2018-12-05,0.0,0,0,0,0,Singapore
2018-12-06,0.0,0,0,0,0,Singapore
2018-12-07,0.0,0,0,0,0,Singapore
2018-12-08,0.0,0,0,0,0,Singapore
2018-12-09,0.0,0,0,0,0,Singapore
2018-12-10,0.0,0,0,0,0,Singapore
2018-12-11,0.0,0,0,0,0,Singapore
2018-12-12,0.0,0,0,0,0,Singapore
2018-12-13,0.0,0,0,0,0,Singapore
2018-12-14,0.0,0,0,0,0,Singapore
2018-12-15,0.0,0,0,0,0,Singapore
2018-12-16,0.0,0,0,0,0,Singapore
2018-12-17,0.0,0,0,0,0,Singapore
2018-12-18,0.0,0,0,0,0,Singapore
2018-12-19,0.0,0,0,0,0,Singapore
2018-12-20,0.0,0,0,0,0,Singapore
2018-12-21,0.0,0,0,0,0,Singapore
2018-12-22,0.0,0,0,0,0,Singapore
2018-12-23,0.0,0,0,0,0,Singapore
2018-12-24,0.0,0,0,0,0,Singapore
2018-12-25,0.0,0,0,0,0,Singapore
2018-12-26,0.0,0,0,0,0,Singapore
2018-12-27,0.0,0,0,0,0,Singapore
2018-12-28,0.0,0,0,0,0,Singapore
2018-12-29,0.0,0,0,0,0,Singapore
2018-12-30,0.0,0,0,0,0,Singapore
2018-12-31,0.0,0,0,0,0,Singapore
2019-01-01,0.0,0,0,0,0,Singapore
2019-01-02,0.0,0,0,0,0,Singapore
2019-01-03,0.0,0,0,0,0,Singapore
2019-01-04,0.0,0,0,0,0,Singapore
2019-01-05,0.0,0,0,0,0,Singapore
2019-01-06,0.0,0,0,0,0,Singapore
2019-01-07,0.0,0,0,0,0,Singapore
2019-01-08,0.0,0,0,0,0,Singapore
2019-01-09,0.0,0,0,0,0,Singapore
2019-01-10,0.0,0,0,0,0,Singapore
2019-01-11,0.0,0,0,0,0,Singapore
2019-01-12,0.0,0,0,0,0,Singapore
2019-01-13,0.0,0,0,0,0,Singapore
2019-01-14,0.0,0,0,0,0,Singapore
2019-01-15,0.0,0,0,0,0,Singapore
2019-01-16,0.0,0,0,0,0,Singapore
2019-01-17,0.0,0,0,0,0,Singapore
2019-01-18,0.0,0,0,0,0,Singapore
2019-01-19,0.0,0,0,0,0,Singapore
2019-01-20,0.0,0,0,0,0,Singapore
2019-01-21,0.0,0,0,0,0,Singapore
2019-01-22,263.34,1,56,1,562,Singapore
2019-01-23,0.0,0,0,0,0,Singapore
2019-01-24,0.0,0,0,0,0,Singapore
2019-01-25,0.0,0,0,0,0,Singapore
2019-01-26,0.0,0,0,0,0,Singapore
2019-01-27,0.0,0,0,0,0,Singapore
2019-01-28,0.0,0,0,0,0,Singapore
2019-01-29,0.0,0,0,0,0,Singapore
2019-01-30,0.0,0,0,0,0,Singapore
2019-01-31,0.0,0,0,0,0,Singapore
2019-02-01,0.0,0,0,0,0,Singapore
2019-02-02,0.0,0,0,0,0,Singapore
2019-02-03,0.0,0,0,0,0,Singapore
2019-02-04,0.0,0,0,0,0,Singapore
2019-02-05,0.0,0,0,0,0,Singapore
2019-02-06,0.0,0,0,0,0,Singapore
2019-02-07,0.0,0,0,0,0,Singapore
2019-02-08,0.0,0,0,0,0,Singapore
2019-02-09,0.0,0,0,0,0,Singapore
2019-02-10,0.0,0,0,0,0,Singapore
2019-02-11,0.0,0,0,0,0,Singapore
2019-02-12,0.0,0,0,0,0,Singapore
2019-02-13,0.0,0,0,0,0,Singapore
2019-02-14,0.0,0,0,0,0,Singapore
2019-02-15,0.0,0,0,0,0,Singapore
2019-02-16,0.0,0,0,0,0,Singapore
2019-02-17,0.0,0,0,0,0,Singapore
2019-02-18,0.0,0,0,0,0,Singapore
2019-02-19,0.0,0,0,0,0,Singapore
2019-02-20,0.0,0,0,0,0,Singapore
2019-02-21,0.0,0,0,0,0,Singapore
2019-02-22,0.0,0,0,0,0,Singapore
2019-02-23,0.0,0,0,0,0,Singapore
2019-02-24,0.0,0,0,0,0,Singapore
2019-02-25,0.0,0,0,0,0,Singapore
2019-02-26,0.0,0,0,0,0,Singapore
2019-02-27,0.0,0,0,0,0,Singapore
2019-02-28,0.0,0,0,0,0,Singapore
2019-03-01,0.0,0,0,0,0,Singapore
2019-03-02,0.0,0,0,0,0,Singapore
2019-03-03,0.0,0,0,0,0,Singapore
2019-03-04,0.0,0,0,0,0,Singapore
2019-03-05,0.0,0,0,0,0,Singapore
2019-03-06,0.0,0,0,0,0,Singapore
2019-03-07,0.0,0,0,0,0,Singapore
2019-03-08,0.0,0,0,0,0,Singapore
2019-03-09,0.0,0,0,0,0,Singapore
2019-03-10,0.0,0,0,0,0,Singapore
2019-03-11,0.0,0,0,0,0,Singapore
2019-03-12,0.0,0,0,0,0,Singapore
2019-03-13,0.0,0,0,0,0,Singapore
2019-03-14,0.0,0,0,0,0,Singapore
2019-03-15,0.0,0,0,0,0,Singapore
2019-03-16,0.0,0,0,0,0,Singapore
2019-03-17,0.0,0,0,0,0,Singapore
2019-03-18,0.0,0,0,0,0,Singapore
2019-03-19,0.0,0,0,0,0,Singapore
2019-03-20,0.0,0,0,0,0,Singapore
2019-03-21,0.0,0,0,0,0,Singapore
2019-03-22,0.0,0,0,0,0,Singapore
2019-03-23,0.0,0,0,0,0,Singapore
2019-03-24,0.0,0,0,0,0,Singapore
2019-03-25,0.0,0,0,0,0,Singapore
2019-03-26,0.0,0,0,0,0,Singapore
2019-03-27,0.0,0,0,0,0,Singapore
2019-03-28,0.0,0,0,0,0,Singapore
2019-03-29,0.0,0,0,0,0,Singapore
2019-03-30,0.0,0,0,0,0,Singapore
2019-03-31,0.0,0,0,0,0,Singapore
2019-04-01,12181.68,4,1,1,14,Singapore
2019-04-02,127.93,1,52,1,539,Singapore
2019-04-03,0.0,0,0,0,0,Singapore
2019-04-04,0.0,0,0,0,0,Singapore
2019-04-05,0.0,0,0,0,0,Singapore
2019-04-06,0.0,0,0,0,0,Singapore
2019-04-07,0.0,0,0,0,0,Singapore
2019-04-08,0.0,0,0,0,0,Singapore
2019-04-09,0.0,0,0,0,0,Singapore
2019-04-10,0.0,0,0,0,0,Singapore
2019-04-11,0.0,0,0,0,0,Singapore
2019-04-12,0.0,0,0,0,0,Singapore
2019-04-13,0.0,0,0,0,0,Singapore
2019-04-14,0.0,0,0,0,0,Singapore
2019-04-15,0.0,0,0,0,0,Singapore
2019-04-16,0.0,0,0,0,0,Singapore
2019-04-17,0.0,0,0,0,0,Singapore
2019-04-18,0.0,0,0,0,0,Singapore
2019-04-19,0.0,0,0,0,0,Singapore
2019-04-20,0.0,0,0,0,0,Singapore
2019-04-21,0.0,0,0,0,0,Singapore
2019-04-22,0.0,0,0,0,0,Singapore
2019-04-23,0.0,0,0,0,0,Singapore
2019-04-24,0.0,0,0,0,0,Singapore
2019-04-25,0.0,0,0,0,0,Singapore
2019-04-26,0.0,0,0,0,0,Singapore
2019-04-27,0.0,0,0,0,0,Singapore
2019-04-28,0.0,0,0,0,0,Singapore
2019-04-29,0.0,0,0,0,0,Singapore
2019-04-30,0.0,0,0,0,0,Singapore
2019-05-01,0.0,0,0,0,0,Singapore
2019-05-02,0.0,0,0,0,0,Singapore
2019-05-03,0.0,0,0,0,0,Singapore
2019-05-04,0.0,0,0,0,0,Singapore
2019-05-05,0.0,0,0,0,0,Singapore
2019-05-06,0.0,0,0,0,0,Singapore
2019-05-07,0.0,0,0,0,0,Singapore
2019-05-08,0.0,0,0,0,0,Singapore
2019-05-09,0.0,0,0,0,0,Singapore
2019-05-10,0.0,0,0,0,0,Singapore
2019-05-11,0.0,0,0,0,0,Singapore
2019-05-12,0.0,0,0,0,0,Singapore
2019-05-13,0.0,0,0,0,0,Singapore
2019-05-14,0.0,0,0,0,0,Singapore
2019-05-15,0.0,0,0,0,0,Singapore
2019-05-16,0.0,0,0,0,0,Singapore
2019-05-17,0.0,0,0,0,0,Singapore
2019-05-18,0.0,0,0,0,0,Singapore
2019-05-19,0.0,0,0,0,0,Singapore
2019-05-20,0.0,0,0,0,0,Singapore
2019-05-21,0.0,0,0,0,0,Singapore
2019-05-22,0.0,0,0,0,0,Singapore
2019-05-23,0.0,0,0,0,0,Singapore
2019-05-24,0.0,0,0,0,0,Singapore
2019-05-25,0.0,0,0,0,0,Singapore
2019-05-26,0.0,0,0,0,0,Singapore
2019-05-27,0.0,0,0,0,0,Singapore
2019-05-28,0.0,0,0,0,0,Singapore
2019-05-29,0.0,0,0,0,0,Singapore
2019-05-30,0.0,0,0,0,0,Singapore
2019-05-31,0.0,0,0,0,0,Singapore
2019-06-01,0.0,0,0,0,0,Singapore
2019-06-02,0.0,0,0,0,0,Singapore
2019-06-03,0.0,0,0,0,0,Singapore
2019-06-04,0.0,0,0,0,0,Singapore
2019-06-05,0.0,0,0,0,0,Singapore
2019-06-06,0.0,0,0,0,0,Singapore
2019-06-07,0.0,0,0,0,0,Singapore
2019-06-08,0.0,0,0,0,0,Singapore
2019-06-09,0.0,0,0,0,0,Singapore
2019-06-10,0.0,0,0,0,0,Singapore
2019-06-11,0.0,0,0,0,0,Singapore
2019-06-12,0.0,0,0,0,0,Singapore
2019-06-13,0.0,0,0,0,0,Singapore
2019-06-14,0.0,0,0,0,0,Singapore
2019-06-15,0.0,0,0,0,0,Singapore
2019-06-16,0.0,0,0,0,0,Singapore
2019-06-17,0.0,0,0,0,0,Singapore
2019-06-18,0.0,0,0,0,0,Singapore
2019-06-19,0.0,0,0,0,0,Singapore
2019-06-20,0.0,0,0,0,0,Singapore
2019-06-21,0.0,0,0,0,0,Singapore
2019-06-22,0.0,0,0,0,0,Singapore
2019-06-23,0.0,0,0,0,0,Singapore
2019-06-24,0.0,0,0,0,0,Singapore
2019-06-25,0.0,0,0,0,0,Singapore
2019-06-26,0.0,0,0,0,0,Singapore
2019-06-27,0.0,0,0,0,0,Singapore
2019-06-28,0.0,0,0,0,0,Singapore
2019-06-29,0.0,0,0,0,0,Singapore
2019-06-30,0.0,0,0,0,0,Singapore
2019-07-01,0.0,0,0,0,0,Singapore
2019-07-02,0.0,0,0,0,0,Singapore
2019-07-03,0.0,0,0,0,0,Singapore
2019-07-04,0.0,0,0,0,0,Singapore
2019-07-05,0.0,0,0,0,0,Singapore
2019-07-06,0.0,0,0,0,0,Singapore
2019-07-07,0.0,0,0,0,0,Singapore
2019-07-08,0.0,0,0,0,0,Singapore
2019-07-09,0.0,0,0,0,0,Singapore
2019-07-10,0.0,0,0,0,0,Singapore
2019-07-11,0.0,0,0,0,0,Singapore
2019-07-12,0.0,0,0,0,0,Singapore
2019-07-13,0.0,0,0,0,0,Singapore
2019-07-14,0.0,0,0,0,0,Singapore
2019-07-15,230.46,1,75,1,817,Singapore
2017-11-29,49.33,2,22,1,240,Netherlands
2017-11-30,0.0,0,0,0,0,Netherlands
2017-12-01,77.52,1,22,1,195,Netherlands
2017-12-02,0.0,0,0,0,0,Netherlands
2017-12-03,0.0,0,0,0,0,Netherlands
2017-12-04,0.0,0,0,0,0,Netherlands
2017-12-05,104.15,1,51,1,51,Netherlands
2017-12-06,0.0,0,0,0,0,Netherlands
2017-12-07,0.0,0,0,0,0,Netherlands
2017-12-08,0.0,0,0,0,0,Netherlands
2017-12-09,0.0,0,0,0,0,Netherlands
2017-12-10,0.0,0,0,0,0,Netherlands
2017-12-11,0.0,0,0,0,0,Netherlands
2017-12-12,0.0,0,0,0,0,Netherlands
2017-12-13,37.25,1,7,1,76,Netherlands
2017-12-14,0.0,0,0,0,0,Netherlands
2017-12-15,116.01,1,52,1,634,Netherlands
2017-12-16,0.0,0,0,0,0,Netherlands
2017-12-17,0.0,0,0,0,0,Netherlands
2017-12-18,0.0,0,0,0,0,Netherlands
2017-12-19,0.0,0,0,0,0,Netherlands
2017-12-20,0.0,0,0,0,0,Netherlands
2017-12-21,0.0,0,0,0,0,Netherlands
2017-12-22,0.0,0,0,0,0,Netherlands
2017-12-23,0.0,0,0,0,0,Netherlands
2017-12-24,0.0,0,0,0,0,Netherlands
2017-12-25,0.0,0,0,0,0,Netherlands
2017-12-26,0.0,0,0,0,0,Netherlands
2017-12-27,0.0,0,0,0,0,Netherlands
2017-12-28,0.0,0,0,0,0,Netherlands
2017-12-29,0.0,0,0,0,0,Netherlands
2017-12-30,0.0,0,0,0,0,Netherlands
2017-12-31,0.0,0,0,0,0,Netherlands
2018-01-01,0.0,0,0,0,0,Netherlands
2018-01-02,0.0,0,0,0,0,Netherlands
2018-01-03,0.0,0,0,0,0,Netherlands
2018-01-04,0.0,0,0,0,0,Netherlands
2018-01-05,0.0,0,0,0,0,Netherlands
2018-01-06,0.0,0,0,0,0,Netherlands
2018-01-07,0.0,0,0,0,0,Netherlands
2018-01-08,15.64,1,2,1,7,Netherlands
2018-01-09,0.0,0,0,0,0,Netherlands
2018-01-10,0.0,0,0,0,0,Netherlands
2018-01-11,0.0,0,0,0,0,Netherlands
2018-01-12,47.15,2,8,2,85,Netherlands
2018-01-13,0.0,0,0,0,0,Netherlands
2018-01-14,0.0,0,0,0,0,Netherlands
2018-01-15,0.0,0,0,0,0,Netherlands
2018-01-16,0.0,0,0,0,0,Netherlands
2018-01-17,0.0,0,0,0,0,Netherlands
2018-01-18,0.0,0,0,0,0,Netherlands
2018-01-19,90.42,2,48,1,484,Netherlands
2018-01-20,0.0,0,0,0,0,Netherlands
2018-01-21,0.0,0,0,0,0,Netherlands
2018-01-22,0.0,0,0,0,0,Netherlands
2018-01-23,184.24,2,90,2,966,Netherlands
2018-01-24,0.0,0,0,0,0,Netherlands
2018-01-25,0.0,0,0,0,0,Netherlands
2018-01-26,0.0,0,0,0,0,Netherlands
2018-01-27,0.0,0,0,0,0,Netherlands
2018-01-28,0.0,0,0,0,0,Netherlands
2018-01-29,0.0,0,0,0,0,Netherlands
2018-01-30,0.0,0,0,0,0,Netherlands
2018-01-31,41.5,1,9,1,66,Netherlands
2018-02-01,0.0,0,0,0,0,Netherlands
2018-02-02,0.0,0,0,0,0,Netherlands
2018-02-03,0.0,0,0,0,0,Netherlands
2018-02-04,0.0,0,0,0,0,Netherlands
2018-02-05,0.0,0,0,0,0,Netherlands
2018-02-06,0.0,0,0,0,0,Netherlands
2018-02-07,0.0,0,0,0,0,Netherlands
2018-02-08,0.0,0,0,0,0,Netherlands
2018-02-09,0.0,0,0,0,0,Netherlands
2018-02-10,0.0,0,0,0,0,Netherlands
2018-02-11,0.0,0,0,0,0,Netherlands
2018-02-12,0.0,0,0,0,0,Netherlands
2018-02-13,0.0,0,0,0,0,Netherlands
2018-02-14,0.0,0,0,0,0,Netherlands
2018-02-15,1091.53,4,58,1,681,Netherlands
2018-02-16,0.0,0,0,0,0,Netherlands
2018-02-17,0.0,0,0,0,0,Netherlands
2018-02-18,0.0,0,0,0,0,Netherlands
2018-02-19,0.0,0,0,0,0,Netherlands
2018-02-20,0.0,0,0,0,0,Netherlands
2018-02-21,10.17,1,4,1,35,Netherlands
2018-02-22,0.0,0,0,0,0,Netherlands
2018-02-23,71.84,4,28,1,76,Netherlands
2018-02-24,0.0,0,0,0,0,Netherlands
2018-02-25,0.0,0,0,0,0,Netherlands
2018-02-26,2.1,1,1,1,4,Netherlands
2018-02-27,23.67,1,19,1,235,Netherlands
2018-02-28,0.0,0,0,0,0,Netherlands
2018-03-01,0.0,0,0,0,0,Netherlands
2018-03-02,0.0,0,0,0,0,Netherlands
2018-03-03,0.0,0,0,0,0,Netherlands
2018-03-04,0.0,0,0,0,0,Netherlands
2018-03-05,27.7,1,10,1,101,Netherlands
2018-03-06,0.0,0,0,0,0,Netherlands
2018-03-07,0.0,0,0,0,0,Netherlands
2018-03-08,69.55,1,24,1,261,Netherlands
2018-03-09,88.98,3,32,1,394,Netherlands
2018-03-10,0.0,0,0,0,0,Netherlands
2018-03-11,53.81,1,29,1,343,Netherlands
2018-03-12,1.65,1,1,1,24,Netherlands
2018-03-13,0.0,0,0,0,0,Netherlands
2018-03-14,0.0,0,0,0,0,Netherlands
2018-03-15,0.0,0,0,0,0,Netherlands
2018-03-16,0.0,0,0,0,0,Netherlands
2018-03-17,0.0,0,0,0,0,Netherlands
2018-03-18,26.7,1,7,1,56,Netherlands
2018-03-19,0.0,0,0,0,0,Netherlands
2018-03-20,0.0,0,0,0,0,Netherlands
2018-03-21,0.0,0,0,0,0,Netherlands
2018-03-22,33.94,1,7,1,59,Netherlands
2018-03-23,530.12,7,55,2,708,Netherlands
2018-03-24,0.0,0,0,0,0,Netherlands
2018-03-25,0.0,0,0,0,0,Netherlands
2018-03-26,0.0,0,0,0,0,Netherlands
2018-03-27,0.0,0,0,0,0,Netherlands
2018-03-28,0.0,0,0,0,0,Netherlands
2018-03-29,44.96,1,31,1,323,Netherlands
2018-03-30,0.0,0,0,0,0,Netherlands
2018-03-31,0.0,0,0,0,0,Netherlands
2018-04-01,0.0,0,0,0,0,Netherlands
2018-04-02,0.0,0,0,0,0,Netherlands
2018-04-03,0.0,0,0,0,0,Netherlands
2018-04-04,0.0,0,0,0,0,Netherlands
2018-04-05,34.4,1,13,1,136,Netherlands
2018-04-06,55.8,1,18,1,145,Netherlands
2018-04-07,0.0,0,0,0,0,Netherlands
2018-04-08,0.0,0,0,0,0,Netherlands
2018-04-09,0.0,0,0,0,0,Netherlands
2018-04-10,42.15,1,12,1,102,Netherlands
2018-04-11,0.0,0,0,0,0,Netherlands
2018-04-12,0.0,0,0,0,0,Netherlands
2018-04-13,71.0,1,27,1,258,Netherlands
2018-04-14,0.0,0,0,0,0,Netherlands
2018-04-15,32.79,1,9,1,68,Netherlands
2018-04-16,0.0,0,0,0,0,Netherlands
2018-04-17,60.74,1,20,1,152,Netherlands
2018-04-18,0.0,0,0,0,0,Netherlands
2018-04-19,45.75,2,15,1,66,Netherlands
2018-04-20,0.0,0,0,0,0,Netherlands
2018-04-21,0.0,0,0,0,0,Netherlands
2018-04-22,0.0,0,0,0,0,Netherlands
2018-04-23,0.0,0,0,0,0,Netherlands
2018-04-24,0.0,0,0,0,0,Netherlands
2018-04-25,0.0,0,0,0,0,Netherlands
2018-04-26,0.0,0,0,0,0,Netherlands
2018-04-27,371.91,1,37,1,289,Netherlands
2018-04-28,0.0,0,0,0,0,Netherlands
2018-04-29,19.95,1,4,1,28,Netherlands
2018-04-30,0.0,0,0,0,0,Netherlands
2018-05-01,0.0,0,0,0,0,Netherlands
2018-05-02,0.0,0,0,0,0,Netherlands
2018-05-03,243.52,3,87,1,1521,Netherlands
2018-05-04,0.0,0,0,0,0,Netherlands
2018-05-05,0.0,0,0,0,0,Netherlands
2018-05-06,0.0,0,0,0,0,Netherlands
2018-05-07,38.1,1,14,1,169,Netherlands
2018-05-08,0.0,0,0,0,0,Netherlands
2018-05-09,0.0,0,0,0,0,Netherlands
2018-05-10,0.0,0,0,0,0,Netherlands
2018-05-11,0.0,0,0,0,0,Netherlands
2018-05-12,0.0,0,0,0,0,Netherlands
2018-05-13,38.84,1,28,1,330,Netherlands
2018-05-14,0.0,0,0,0,0,Netherlands
2018-05-15,0.0,0,0,0,0,Netherlands
2018-05-16,0.0,0,0,0,0,Netherlands
2018-05-17,0.0,0,0,0,0,Netherlands
2018-05-18,0.0,0,0,0,0,Netherlands
2018-05-19,0.0,0,0,0,0,Netherlands
2018-05-20,0.0,0,0,0,0,Netherlands
2018-05-21,201.2,1,73,1,661,Netherlands
2018-05-22,112.64,1,50,1,470,Netherlands
2018-05-23,0.0,0,0,0,0,Netherlands
2018-05-24,0.0,0,0,0,0,Netherlands
2018-05-25,0.0,0,0,0,0,Netherlands
2018-05-26,0.0,0,0,0,0,Netherlands
2018-05-27,0.0,0,0,0,0,Netherlands
2018-05-28,0.0,0,0,0,0,Netherlands
2018-05-29,0.0,0,0,0,0,Netherlands
2018-05-30,0.0,0,0,0,0,Netherlands
2018-05-31,216.43,2,69,1,540,Netherlands
2018-06-01,0.0,0,0,0,0,Netherlands
2018-06-02,0.0,0,0,0,0,Netherlands
2018-06-03,0.0,0,0,0,0,Netherlands
2018-06-04,0.0,0,0,0,0,Netherlands
2018-06-05,0.0,0,0,0,0,Netherlands
2018-06-06,0.0,0,0,0,0,Netherlands
2018-06-07,0.0,0,0,0,0,Netherlands
2018-06-08,0.0,0,0,0,0,Netherlands
2018-06-09,0.0,0,0,0,0,Netherlands
2018-06-10,0.0,0,0,0,0,Netherlands
2018-06-11,0.0,0,0,0,0,Netherlands
2018-06-12,0.0,0,0,0,0,Netherlands
2018-06-13,0.0,0,0,0,0,Netherlands
2018-06-14,0.0,0,0,0,0,Netherlands
2018-06-15,125.47,2,47,2,489,Netherlands
2018-06-16,0.0,0,0,0,0,Netherlands
2018-06-17,0.0,0,0,0,0,Netherlands
2018-06-18,0.0,0,0,0,0,Netherlands
2018-06-19,40.8,2,8,2,54,Netherlands
2018-06-20,0.0,0,0,0,0,Netherlands
2018-06-21,0.0,0,0,0,0,Netherlands
2018-06-22,0.0,0,0,0,0,Netherlands
2018-06-23,0.0,0,0,0,0,Netherlands
2018-06-24,0.0,0,0,0,0,Netherlands
2018-06-25,169.66,3,75,1,851,Netherlands
2018-06-26,33.85,1,10,1,75,Netherlands
2018-06-27,0.0,0,0,0,0,Netherlands
2018-06-28,32.9,1,8,1,56,Netherlands
2018-06-29,0.0,0,0,0,0,Netherlands
2018-06-30,0.0,0,0,0,0,Netherlands
2018-07-01,0.0,0,0,0,0,Netherlands
2018-07-02,0.0,0,0,0,0,Netherlands
2018-07-03,0.0,0,0,0,0,Netherlands
2018-07-04,88.96,1,31,1,285,Netherlands
2018-07-05,0.0,0,0,0,0,Netherlands
2018-07-06,0.0,0,0,0,0,Netherlands
2018-07-07,0.0,0,0,0,0,Netherlands
2018-07-08,0.0,0,0,0,0,Netherlands
2018-07-09,0.0,0,0,0,0,Netherlands
2018-07-10,0.0,0,0,0,0,Netherlands
2018-07-11,0.0,0,0,0,0,Netherlands
2018-07-12,47.7,2,7,2,65,Netherlands
2018-07-13,0.0,0,0,0,0,Netherlands
2018-07-14,0.0,0,0,0,0,Netherlands
2018-07-15,0.0,0,0,0,0,Netherlands
2018-07-16,135.7,1,48,1,545,Netherlands
2018-07-17,0.0,0,0,0,0,Netherlands
2018-07-18,0.0,0,0,0,0,Netherlands
2018-07-19,43.4,1,11,1,21,Netherlands
2018-07-20,0.0,0,0,0,0,Netherlands
2018-07-21,0.0,0,0,0,0,Netherlands
2018-07-22,19.6,1,3,1,17,Netherlands
2018-07-23,40.25,1,24,1,296,Netherlands
2018-07-24,101.92,1,42,1,100,Netherlands
2018-07-25,20.0,1,1,1,1,Netherlands
2018-07-26,0.0,0,0,0,0,Netherlands
2018-07-27,0.0,0,0,0,0,Netherlands
2018-07-28,0.0,0,0,0,0,Netherlands
2018-07-29,0.0,0,0,0,0,Netherlands
2018-07-30,0.0,0,0,0,0,Netherlands
2018-07-31,0.0,0,0,0,0,Netherlands
2018-08-01,41.19,1,20,1,257,Netherlands
2018-08-02,0.0,0,0,0,0,Netherlands
2018-08-03,0.0,0,0,0,0,Netherlands
2018-08-04,0.0,0,0,0,0,Netherlands
2018-08-05,0.0,0,0,0,0,Netherlands
2018-08-06,0.0,0,0,0,0,Netherlands
2018-08-07,454.61,3,91,1,1145,Netherlands
2018-08-08,0.0,0,0,0,0,Netherlands
2018-08-09,0.0,0,0,0,0,Netherlands
2018-08-10,0.0,0,0,0,0,Netherlands
2018-08-11,0.0,0,0,0,0,Netherlands
2018-08-12,63.85,1,15,1,116,Netherlands
2018-08-13,0.0,0,0,0,0,Netherlands
2018-08-14,184.75,1,68,1,706,Netherlands
2018-08-15,0.0,0,0,0,0,Netherlands
2018-08-16,0.0,0,0,0,0,Netherlands
2018-08-17,16.65,1,2,1,3,Netherlands
2018-08-18,0.0,0,0,0,0,Netherlands
2018-08-19,0.0,0,0,0,0,Netherlands
2018-08-20,0.0,0,0,0,0,Netherlands
2018-08-21,24.19,1,13,1,196,Netherlands
2018-08-22,0.0,0,0,0,0,Netherlands
2018-08-23,64.61,1,28,1,326,Netherlands
2018-08-24,0.0,0,0,0,0,Netherlands
2018-08-25,0.0,0,0,0,0,Netherlands
2018-08-26,0.0,0,0,0,0,Netherlands
2018-08-27,0.0,0,0,0,0,Netherlands
2018-08-28,42.44,2,26,2,123,Netherlands
2018-08-29,179.2,3,59,3,615,Netherlands
2018-08-30,63.02,2,25,2,254,Netherlands
2018-08-31,0.0,0,0,0,0,Netherlands
2018-09-01,0.0,0,0,0,0,Netherlands
2018-09-02,0.0,0,0,0,0,Netherlands
2018-09-03,0.0,0,0,0,0,Netherlands
2018-09-04,3.75,1,1,1,18,Netherlands
2018-09-05,25.0,1,1,1,1,Netherlands
2018-09-06,0.0,0,0,0,0,Netherlands
2018-09-07,72.56,2,22,2,184,Netherlands
2018-09-08,0.0,0,0,0,0,Netherlands
2018-09-09,0.0,0,0,0,0,Netherlands
2018-09-10,0.0,0,0,0,0,Netherlands
2018-09-11,43.06,1,13,1,125,Netherlands
2018-09-12,85.68,1,41,1,441,Netherlands
2018-09-13,0.0,0,0,0,0,Netherlands
2018-09-14,0.0,0,0,0,0,Netherlands
2018-09-15,0.0,0,0,0,0,Netherlands
2018-09-16,48.8,1,22,1,197,Netherlands
2018-09-17,0.0,0,0,0,0,Netherlands
2018-09-18,53.65,1,18,1,173,Netherlands
2018-09-19,0.0,0,0,0,0,Netherlands
2018-09-20,10.0,1,1,1,1,Netherlands
2018-09-21,260.91,2,114,1,1368,Netherlands
2018-09-22,0.0,0,0,0,0,Netherlands
2018-09-23,0.0,0,0,0,0,Netherlands
2018-09-24,84.87,2,38,1,47,Netherlands
2018-09-25,91.57,1,41,1,366,Netherlands
2018-09-26,0.0,0,0,0,0,Netherlands
2018-09-27,15.0,1,1,1,1,Netherlands
2018-09-28,20.02,2,20,1,199,Netherlands
2018-09-29,0.0,0,0,0,0,Netherlands
2018-09-30,0.0,0,0,0,0,Netherlands
2018-10-01,0.0,0,0,0,0,Netherlands
2018-10-02,0.0,0,0,0,0,Netherlands
2018-10-03,0.0,0,0,0,0,Netherlands
2018-10-04,0.0,0,0,0,0,Netherlands
2018-10-05,69.22,4,12,1,106,Netherlands
2018-10-06,0.0,0,0,0,0,Netherlands
2018-10-07,0.0,0,0,0,0,Netherlands
2018-10-08,0.0,0,0,0,0,Netherlands
2018-10-09,0.0,0,0,0,0,Netherlands
2018-10-10,114.39,2,79,1,988,Netherlands
2018-10-11,20.8,1,4,1,43,Netherlands
2018-10-12,1.65,1,1,1,20,Netherlands
2018-10-13,0.0,0,0,0,0,Netherlands
2018-10-14,0.0,0,0,0,0,Netherlands
2018-10-15,112.84,1,1,1,2,Netherlands
2018-10-16,0.0,0,0,0,0,Netherlands
2018-10-17,0.0,0,0,0,0,Netherlands
2018-10-18,0.0,0,0,0,0,Netherlands
2018-10-19,61.13,2,24,1,246,Netherlands
2018-10-20,0.0,0,0,0,0,Netherlands
2018-10-21,0.0,0,0,0,0,Netherlands
2018-10-22,83.43,1,16,1,110,Netherlands
2018-10-23,30.54,1,9,1,77,Netherlands
2018-10-24,0.0,0,0,0,0,Netherlands
2018-10-25,16.75,1,3,1,6,Netherlands
2018-10-26,0.0,0,0,0,0,Netherlands
2018-10-27,0.0,0,0,0,0,Netherlands
2018-10-28,0.0,0,0,0,0,Netherlands
2018-10-29,0.0,0,0,0,0,Netherlands
2018-10-30,0.0,0,0,0,0,Netherlands
2018-10-31,243.82,4,75,1,875,Netherlands
2018-11-01,0.0,0,0,0,0,Netherlands
2018-11-02,0.0,0,0,0,0,Netherlands
2018-11-03,0.0,0,0,0,0,Netherlands
2018-11-04,0.0,0,0,0,0,Netherlands
2018-11-05,53.12,1,24,1,189,Netherlands
2018-11-06,0.0,0,0,0,0,Netherlands
2018-11-07,0.0,0,0,0,0,Netherlands
2018-11-08,99.79,1,55,1,587,Netherlands
2018-11-09,17.1,1,2,1,19,Netherlands
2018-11-10,0.0,0,0,0,0,Netherlands
2018-11-11,0.0,0,0,0,0,Netherlands
2018-11-12,0.0,0,0,0,0,Netherlands
2018-11-13,21.31,1,6,1,70,Netherlands
2018-11-14,83.01,2,38,1,499,Netherlands
2018-11-15,119.51,2,41,2,356,Netherlands
2018-11-16,0.0,0,0,0,0,Netherlands
2018-11-17,0.0,0,0,0,0,Netherlands
2018-11-18,0.0,0,0,0,0,Netherlands
2018-11-19,190.01,2,94,1,237,Netherlands
2018-11-20,64.25,1,22,1,186,Netherlands
2018-11-21,315.66,2,25,1,141,Netherlands
2018-11-22,0.0,0,0,0,0,Netherlands
2018-11-23,0.0,0,0,0,0,Netherlands
2018-11-24,0.0,0,0,0,0,Netherlands
2018-11-25,0.0,0,0,0,0,Netherlands
2018-11-26,69.14,3,30,1,349,Netherlands
2018-11-27,89.97,3,52,1,482,Netherlands
2018-11-28,18.7,1,2,1,36,Netherlands
2018-11-29,0.0,0,0,0,0,Netherlands
2018-11-30,0.0,0,0,0,0,Netherlands
2018-12-01,0.0,0,0,0,0,Netherlands
2018-12-02,0.0,0,0,0,0,Netherlands
2018-12-03,0.0,0,0,0,0,Netherlands
2018-12-04,0.0,0,0,0,0,Netherlands
2018-12-05,0.0,0,0,0,0,Netherlands
2018-12-06,0.0,0,0,0,0,Netherlands
2018-12-07,0.0,0,0,0,0,Netherlands
2018-12-08,0.0,0,0,0,0,Netherlands
2018-12-09,0.0,0,0,0,0,Netherlands
2018-12-10,0.0,0,0,0,0,Netherlands
2018-12-11,0.0,0,0,0,0,Netherlands
2018-12-12,0.0,0,0,0,0,Netherlands
2018-12-13,0.0,0,0,0,0,Netherlands
2018-12-14,0.0,0,0,0,0,Netherlands
2018-12-15,0.0,0,0,0,0,Netherlands
2018-12-16,0.0,0,0,0,0,Netherlands
2018-12-17,46.33,1,16,1,46,Netherlands
2018-12-18,98.51,1,54,1,525,Netherlands
2018-12-19,0.0,0,0,0,0,Netherlands
2018-12-20,0.0,0,0,0,0,Netherlands
2018-12-21,0.0,0,0,0,0,Netherlands
2018-12-22,0.0,0,0,0,0,Netherlands
2018-12-23,0.0,0,0,0,0,Netherlands
2018-12-24,0.0,0,0,0,0,Netherlands
2018-12-25,0.0,0,0,0,0,Netherlands
2018-12-26,0.0,0,0,0,0,Netherlands
2018-12-27,0.0,0,0,0,0,Netherlands
2018-12-28,0.0,0,0,0,0,Netherlands
2018-12-29,0.0,0,0,0,0,Netherlands
2018-12-30,0.0,0,0,0,0,Netherlands
2018-12-31,0.0,0,0,0,0,Netherlands
2019-01-01,0.0,0,0,0,0,Netherlands
2019-01-02,0.0,0,0,0,0,Netherlands
2019-01-03,0.0,0,0,0,0,Netherlands
2019-01-04,0.0,0,0,0,0,Netherlands
2019-01-05,0.0,0,0,0,0,Netherlands
2019-01-06,0.0,0,0,0,0,Netherlands
2019-01-07,0.0,0,0,0,0,Netherlands
2019-01-08,0.0,0,0,0,0,Netherlands
2019-01-09,0.0,0,0,0,0,Netherlands
2019-01-10,0.0,0,0,0,0,Netherlands
2019-01-11,125.58,1,79,1,876,Netherlands
2019-01-12,0.0,0,0,0,0,Netherlands
2019-01-13,0.0,0,0,0,0,Netherlands
2019-01-14,0.0,0,0,0,0,Netherlands
2019-01-15,0.0,0,0,0,0,Netherlands
2019-01-16,56.78,1,33,1,377,Netherlands
2019-01-17,2.12,1,2,1,24,Netherlands
2019-01-18,236.0,1,106,1,1214,Netherlands
2019-01-19,0.0,0,0,0,0,Netherlands
2019-01-20,0.0,0,0,0,0,Netherlands
2019-01-21,0.0,0,0,0,0,Netherlands
2019-01-22,0.0,0,0,0,0,Netherlands
2019-01-23,0.0,0,0,0,0,Netherlands
2019-01-24,0.0,0,0,0,0,Netherlands
2019-01-25,0.0,0,0,0,0,Netherlands
2019-01-26,0.0,0,0,0,0,Netherlands
2019-01-27,0.0,0,0,0,0,Netherlands
2019-01-28,23.14,1,9,1,97,Netherlands
2019-01-29,53.55,1,12,1,80,Netherlands
2019-01-30,0.0,0,0,0,0,Netherlands
2019-01-31,1.45,1,1,1,4,Netherlands
2019-02-01,0.0,0,0,0,0,Netherlands
2019-02-02,0.0,0,0,0,0,Netherlands
2019-02-03,0.0,0,0,0,0,Netherlands
2019-02-04,0.0,0,0,0,0,Netherlands
2019-02-05,46.27,2,14,1,128,Netherlands
2019-02-06,0.0,0,0,0,0,Netherlands
2019-02-07,0.0,0,0,0,0,Netherlands
2019-02-08,0.0,0,0,0,0,Netherlands
2019-02-09,0.0,0,0,0,0,Netherlands
2019-02-10,0.0,0,0,0,0,Netherlands
2019-02-11,0.0,0,0,0,0,Netherlands
2019-02-12,0.0,0,0,0,0,Netherlands
2019-02-13,0.0,0,0,0,0,Netherlands
2019-02-14,0.0,0,0,0,0,Netherlands
2019-02-15,0.0,0,0,0,0,Netherlands
2019-02-16,0.0,0,0,0,0,Netherlands
2019-02-17,0.0,0,0,0,0,Netherlands
2019-02-18,273.66,2,118,1,1440,Netherlands
2019-02-19,62.6,1,44,1,514,Netherlands
2019-02-20,0.0,0,0,0,0,Netherlands
2019-02-21,0.0,0,0,0,0,Netherlands
2019-02-22,0.0,0,0,0,0,Netherlands
2019-02-23,0.0,0,0,0,0,Netherlands
2019-02-24,0.0,0,0,0,0,Netherlands
2019-02-25,0.0,0,0,0,0,Netherlands
2019-02-26,0.0,0,0,0,0,Netherlands
2019-02-27,0.0,0,0,0,0,Netherlands
2019-02-28,0.0,0,0,0,0,Netherlands
2019-03-01,0.0,0,0,0,0,Netherlands
2019-03-02,0.0,0,0,0,0,Netherlands
2019-03-03,0.0,0,0,0,0,Netherlands
2019-03-04,0.0,0,0,0,0,Netherlands
2019-03-05,0.0,0,0,0,0,Netherlands
2019-03-06,76.57,1,27,1,198,Netherlands
2019-03-07,0.0,0,0,0,0,Netherlands
2019-03-08,0.0,0,0,0,0,Netherlands
2019-03-09,0.0,0,0,0,0,Netherlands
2019-03-10,0.0,0,0,0,0,Netherlands
2019-03-11,41.51,1,8,1,57,Netherlands
2019-03-12,0.0,0,0,0,0,Netherlands
2019-03-13,0.0,0,0,0,0,Netherlands
2019-03-14,0.0,0,0,0,0,Netherlands
2019-03-15,0.0,0,0,0,0,Netherlands
2019-03-16,0.0,0,0,0,0,Netherlands
2019-03-17,0.0,0,0,0,0,Netherlands
2019-03-18,0.0,0,0,0,0,Netherlands
2019-03-19,49.29,1,12,1,99,Netherlands
2019-03-20,0.0,0,0,0,0,Netherlands
2019-03-21,0.0,0,0,0,0,Netherlands
2019-03-22,81.07,2,21,2,250,Netherlands
2019-03-23,0.0,0,0,0,0,Netherlands
2019-03-24,0.0,0,0,0,0,Netherlands
2019-03-25,0.0,0,0,0,0,Netherlands
2019-03-26,272.65,2,103,1,1378,Netherlands
2019-03-27,28.38,1,16,1,261,Netherlands
2019-03-28,0.0,0,0,0,0,Netherlands
2019-03-29,0.0,0,0,0,0,Netherlands
2019-03-30,0.0,0,0,0,0,Netherlands
2019-03-31,0.0,0,0,0,0,Netherlands
2019-04-01,0.0,0,0,0,0,Netherlands
2019-04-02,28.02,2,15,1,208,Netherlands
2019-04-03,0.0,0,0,0,0,Netherlands
2019-04-04,0.0,0,0,0,0,Netherlands
2019-04-05,0.0,0,0,0,0,Netherlands
2019-04-06,0.0,0,0,0,0,Netherlands
2019-04-07,0.0,0,0,0,0,Netherlands
2019-04-08,0.0,0,0,0,0,Netherlands
2019-04-09,0.0,0,0,0,0,Netherlands
2019-04-10,0.0,0,0,0,0,Netherlands
2019-04-11,0.0,0,0,0,0,Netherlands
2019-04-12,0.0,0,0,0,0,Netherlands
2019-04-13,0.0,0,0,0,0,Netherlands
2019-04-14,0.0,0,0,0,0,Netherlands
2019-04-15,0.0,0,0,0,0,Netherlands
2019-04-16,0.0,0,0,0,0,Netherlands
2019-04-17,0.0,0,0,0,0,Netherlands
2019-04-18,0.0,0,0,0,0,Netherlands
2019-04-19,0.0,0,0,0,0,Netherlands
2019-04-20,0.0,0,0,0,0,Netherlands
2019-04-21,0.0,0,0,0,0,Netherlands
2019-04-22,0.0,0,0,0,0,Netherlands
2019-04-23,0.0,0,0,0,0,Netherlands
2019-04-24,0.0,0,0,0,0,Netherlands
2019-04-25,26.91,1,9,1,132,Netherlands
2019-04-26,0.0,0,0,0,0,Netherlands
2019-04-27,0.0,0,0,0,0,Netherlands
2019-04-28,0.0,0,0,0,0,Netherlands
2019-04-29,0.0,0,0,0,0,Netherlands
2019-04-30,0.0,0,0,0,0,Netherlands
2019-05-01,0.0,0,0,0,0,Netherlands
2019-05-02,0.0,0,0,0,0,Netherlands
2019-05-03,0.0,0,0,0,0,Netherlands
2019-05-04,0.0,0,0,0,0,Netherlands
2019-05-05,0.0,0,0,0,0,Netherlands
2019-05-06,0.0,0,0,0,0,Netherlands
2019-05-07,0.0,0,0,0,0,Netherlands
2019-05-08,53.35,2,8,1,125,Netherlands
2019-05-09,274.65,3,106,1,1263,Netherlands
2019-05-10,0.0,0,0,0,0,Netherlands
2019-05-11,0.0,0,0,0,0,Netherlands
2019-05-12,0.0,0,0,0,0,Netherlands
2019-05-13,0.0,0,0,0,0,Netherlands
2019-05-14,0.0,0,0,0,0,Netherlands
2019-05-15,21.68,1,5,1,63,Netherlands
2019-05-16,0.0,0,0,0,0,Netherlands
2019-05-17,68.19,1,13,1,104,Netherlands
2019-05-18,0.0,0,0,0,0,Netherlands
2019-05-19,0.0,0,0,0,0,Netherlands
2019-05-20,0.0,0,0,0,0,Netherlands
2019-05-21,0.0,0,0,0,0,Netherlands
2019-05-22,1.45,1,1,1,7,Netherlands
2019-05-23,141.38,1,50,1,535,Netherlands
2019-05-24,0.0,0,0,0,0,Netherlands
2019-05-25,0.0,0,0,0,0,Netherlands
2019-05-26,0.0,0,0,0,0,Netherlands
2019-05-27,0.0,0,0,0,0,Netherlands
2019-05-28,115.6,2,28,2,205,Netherlands
2019-05-29,76.63,2,23,1,309,Netherlands
2019-05-30,0.0,0,0,0,0,Netherlands
2019-05-31,34.7,1,15,1,122,Netherlands
2019-06-01,0.0,0,0,0,0,Netherlands
2019-06-02,0.0,0,0,0,0,Netherlands
2019-06-03,63.0,1,25,1,233,Netherlands
2019-06-04,0.0,0,0,0,0,Netherlands
2019-06-05,0.0,0,0,0,0,Netherlands
2019-06-06,19.75,2,6,2,47,Netherlands
2019-06-07,0.0,0,0,0,0,Netherlands
2019-06-08,0.0,0,0,0,0,Netherlands
2019-06-09,0.0,0,0,0,0,Netherlands
2019-06-10,0.0,0,0,0,0,Netherlands
2019-06-11,0.0,0,0,0,0,Netherlands
2019-06-12,0.0,0,0,0,0,Netherlands
2019-06-13,0.0,0,0,0,0,Netherlands
2019-06-14,0.0,0,0,0,0,Netherlands
2019-06-15,0.0,0,0,0,0,Netherlands
2019-06-16,89.84,1,52,1,665,Netherlands
2019-06-17,144.77,1,59,1,61,Netherlands
2019-06-18,125.21,1,39,1,336,Netherlands
2019-06-19,0.0,0,0,0,0,Netherlands
2019-06-20,0.0,0,0,0,0,Netherlands
2019-06-21,0.0,0,0,0,0,Netherlands
2019-06-22,0.0,0,0,0,0,Netherlands
2019-06-23,0.0,0,0,0,0,Netherlands
2019-06-24,0.0,0,0,0,0,Netherlands
2019-06-25,248.66,3,99,1,1244,Netherlands
2019-06-26,0.0,0,0,0,0,Netherlands
2019-06-27,0.0,0,0,0,0,Netherlands
2019-06-28,0.0,0,0,0,0,Netherlands
2019-06-29,0.0,0,0,0,0,Netherlands
2019-06-30,0.0,0,0,0,0,Netherlands
2019-07-01,0.0,0,0,0,0,Netherlands
2019-07-02,0.0,0,0,0,0,Netherlands
2019-07-03,0.0,0,0,0,0,Netherlands
2019-07-04,0.0,0,0,0,0,Netherlands
2019-07-05,0.0,0,0,0,0,Netherlands
2019-07-06,0.0,0,0,0,0,Netherlands
2019-07-07,0.0,0,0,0,0,Netherlands
2019-07-08,0.0,0,0,0,0,Netherlands
2019-07-09,0.0,0,0,0,0,Netherlands
2019-07-10,0.0,0,0,0,0,Netherlands
2019-07-11,0.0,0,0,0,0,Netherlands
2019-07-12,0.0,0,0,0,0,Netherlands
2019-07-13,0.0,0,0,0,0,Netherlands
2019-07-14,0.0,0,0,0,0,Netherlands
2019-07-15,0.0,0,0,0,0,Netherlands
2019-07-16,0.0,0,0,0,0,Netherlands
2019-07-17,26.02,1,10,1,10,Netherlands
